STATE,Year,Total,Number,"Standard
error",Percent,"Standard
error"
Alabama,2018,4877,779,65,16,1.3
Alaska,2018,720,94,9,13.1,1.2
Arizona,2018,7241,929,80,12.8,1.1
Arkansas,2018,2912,462,38,15.9,1.3
California,2018,39150,4664,184,11.9,0.5
Colorado,2018,5739,521,51,9.1,0.9
Connecticut,2018,3413,348,43,10.2,1.3
Delaware,2018,976,72,9,7.4,1
District of Columbia,2018,692,102,8,14.7,1.1
Florida,2018,21117,2883,173,13.7,0.8
Georgia,2018,10423,1548,115,14.8,1.1
Hawaii,2018,1393,128,16,9.2,1.1
Idaho,2018,1766,202,25,11.5,1.4
Illinois,2018,12589,1292,130,10.3,1
Indiana,2018,6582,761,68,11.6,1
Iowa,2018,3110,277,30,8.9,1
Kansas,2018,2835,212,27,7.5,0.9
Kentucky,2018,4445,696,76,15.7,1.7
Louisiana,2018,4510,858,38,19,0.8
Maine,2018,1321,153,19,11.6,1.4
Maryland,2018,6030,480,50,8,0.8
Massachusetts,2018,6883,601,59,8.7,0.9
Michigan,2018,9913,1036,78,10.5,0.8
Minnesota,2018,5746,456,47,7.9,0.8
Mississippi,2018,2899,567,27,19.6,0.9
Missouri,2018,6026,745,81,12.4,1.3
Montana,2018,1041,107,12,10.3,1.1
Nebraska,2018,1893,199,25,10.5,1.3
Nevada,2018,3008,390,37,13,1.2
New Hampshire,2018,1349,82,11,6.1,0.8
New Jersey,2018,8790,725,65,8.2,0.7
New Mexico,2018,2054,342,27,16.6,1.3
New York,2018,19343,2145,110,11.1,0.6
North Carolina,2018,10369,1355,96,13.1,0.9
North Dakota,2018,745,72,9,9.7,1.2
Ohio,2018,11452,1365,115,11.9,1
Oklahoma,2018,3858,518,48,13.4,1.2
Oregon,2018,4172,404,45,9.7,1.1
Pennsylvania,2018,12519,1476,124,11.8,1
Rhode Island,2018,1036,92,15,8.9,1.4
South Carolina,2018,5036,642,45,12.8,0.9
South Dakota,2018,853,90,8,10.6,0.9
Tennessee,2018,6665,800,73,12,1.1
Texas,2018,28497,3894,173,13.7,0.6
Utah,2018,3173,219,37,6.9,1.2
Vermont,2018,616,60,7,9.7,1.1
Virginia,2018,8393,821,86,9.8,1
Washington,2018,7555,647,101,8.6,1.3
West Virginia,2018,1762,279,21,15.9,1.2
Wisconsin,2018,5795,499,54,8.6,0.9
Wyoming,2018,565,53,6,9.5,1.1
Alabama,2017,4806,723,49,15,1
Alaska,2017,717,103,14,14.4,1.9
Arizona,2017,6990,926,107,13.2,1.5
Arkansas,2017,2924,432,28,14.8,0.9
California,2017,39237,4872,187,12.4,0.5
Colorado,2017,5527,427,53,7.7,1
Connecticut,2017,3555,388,42,10.9,1.2
Delaware,2017,967,89,10,9.2,1
District of Columbia,2017,692,94,7,13.6,1.1
Florida,2017,20894,2864,175,13.7,0.8
Georgia,2017,10227,1356,103,13.3,1
Hawaii,2017,1402,144,18,10.3,1.3
Idaho,2017,1732,202,20,11.7,1.2
Illinois,2017,12604,1379,105,10.9,0.8
Indiana,2017,6533,748,63,11.4,1
Iowa,2017,3054,278,37,9.1,1.2
Kansas,2017,2870,421,37,14.7,1.3
Kentucky,2017,4401,633,69,14.4,1.6
Louisiana,2017,4538,970,53,21.4,1.2
Maine,2017,1317,158,20,12,1.5
Maryland,2017,5967,467,62,7.8,1
Massachusetts,2017,6796,724,63,10.6,0.9
Michigan,2017,9889,1259,95,12.7,1
Minnesota,2017,5619,519,66,9.2,1.2
Mississippi,2017,2947,538,41,18.3,1.4
Missouri,2017,5979,666,86,11.1,1.4
Montana,2017,1039,101,10,9.7,0.9
Nebraska,2017,1875,194,23,10.4,1.2
Nevada,2017,2982,409,37,13.7,1.2
New Hampshire,2017,1334,88,13,6.6,0.9
New Jersey,2017,9007,774,82,8.6,0.9
New Mexico,2017,2040,380,30,18.6,1.5
New York,2017,19733,2641,150,13.4,0.8
North Carolina,2017,10292,1494,99,14.5,1
North Dakota,2017,742,84,10,11.3,1.3
Ohio,2017,11502,1458,102,12.7,0.9
Oklahoma,2017,3817,482,46,12.6,1.2
Oregon,2017,4199,430,60,10.2,1.4
Pennsylvania,2017,12571,1411,92,11.2,0.7
Rhode Island,2017,1045,127,15,12.2,1.5
South Carolina,2017,4959,773,56,15.6,1.1
South Dakota,2017,871,91,12,10.4,1.4
Tennessee,2017,6699,769,55,11.5,0.8
Texas,2017,28078,3768,181,13.4,0.6
Utah,2017,3127,269,34,8.6,1.1
Vermont,2017,613,63,8,10.2,1.3
Virginia,2017,8249,847,77,10.3,0.9
Washington,2017,7431,736,63,9.9,0.9
West Virginia,2017,1794,311,28,17.3,1.5
Wisconsin,2017,5808,551,43,9.5,0.7
Wyoming,2017,560,70,8,12.4,1.4
Alabama,2016,4821,782,63,16.2,1.3
Alaska,2016,708,89,12,12.6,1.7
Arizona,2016,6878,1108,79,16.1,1.1
Arkansas,2016,2941,471,28,16,0.9
California,2016,39143,5435,175,13.9,0.4
Colorado,2016,5502,467,51,8.5,0.9
Connecticut,2016,3567,351,45,9.8,1.3
Delaware,2016,947,110,12,11.6,1.3
District of Columbia,2016,685,112,7,16.3,1
Florida,2016,20524,2659,125,13,0.6
Georgia,2016,10270,1580,116,15.4,1.1
Hawaii,2016,1392,129,17,9.3,1.2
Idaho,2016,1679,187,17,11.1,1
Illinois,2016,12583,1517,102,12.1,0.8
Indiana,2016,6493,768,67,11.8,1
Iowa,2016,3099,302,29,9.8,0.9
Kansas,2016,2859,321,33,11.2,1.2
Kentucky,2016,4383,667,57,15.2,1.3
Louisiana,2016,4573,923,46,20.2,1
Maine,2016,1317,167,19,12.7,1.4
Maryland,2016,5930,424,54,7.1,0.9
Massachusetts,2016,6775,649,56,9.6,0.8
Michigan,2016,9875,1091,82,11.1,0.8
Minnesota,2016,5430,470,49,8.7,0.9
Mississippi,2016,2943,622,46,21.1,1.5
Missouri,2016,5878,762,73,13,1.2
Montana,2016,1031,121,10,11.7,1
Nebraska,2016,1870,179,26,9.6,1.4
Nevada,2016,2941,298,38,10.1,1.3
New Hampshire,2016,1316,84,11,6.4,0.8
New Jersey,2016,8836,828,82,9.4,0.9
New Mexico,2016,2043,364,33,17.8,1.6
New York,2016,19459,2314,146,11.9,0.7
North Carolina,2016,10056,1363,105,13.6,1
North Dakota,2016,749,83,9,11.1,1.2
Ohio,2016,11442,1573,109,13.7,0.9
Oklahoma,2016,3911,571,73,14.6,1.9
Oregon,2016,4124,486,49,11.8,1.2
Pennsylvania,2016,12526,1396,100,11.1,0.8
Rhode Island,2016,1052,119,15,11.4,1.4
South Carolina,2016,4898,690,60,14.1,1.2
South Dakota,2016,855,124,13,14.5,1.5
Tennessee,2016,6652,988,87,14.9,1.3
Texas,2016,27662,3812,166,13.8,0.6
Utah,2016,3077,264,30,8.6,1
Vermont,2016,622,60,6,9.6,1
Virginia,2016,8163,929,83,11.4,1
Washington,2016,7289,800,60,11,0.8
West Virginia,2016,1808,326,31,18,1.7
Wisconsin,2016,5764,620,51,10.7,0.9
Wyoming,2016,571,62,7,10.9,1.2
Alabama,2015,4820,784,60,16.3,1.2
Alaska,2015,703,65,6,9.2,0.9
Arizona,2015,6728,1156,84,17.2,1.3
Arkansas,2015,2951,475,27,16.1,0.9
California,2015,39081,5441,211,13.9,0.5
Colorado,2015,5420,538,69,9.9,1.3
Connecticut,2015,3572,324,43,9.1,1.2
Delaware,2015,958,106,12,11.1,1.2
District of Columbia,2015,676,113,8,16.6,1.2
Florida,2015,20071,3253,176,16.2,0.9
Georgia,2015,10100,1833,111,18.1,1.1
Hawaii,2015,1382,151,16,10.9,1.1
Idaho,2015,1657,204,21,12.3,1.3
Illinois,2015,12683,1380,104,10.9,0.8
Indiana,2015,6502,880,72,13.5,1.1
Iowa,2015,3100,321,39,10.4,1.3
Kansas,2015,2849,404,42,14.2,1.5
Kentucky,2015,4365,851,57,19.5,1.3
Louisiana,2015,4599,854,57,18.6,1.2
Maine,2015,1340,165,20,12.3,1.5
Maryland,2015,5892,566,70,9.6,1.2
Massachusetts,2015,6777,782,65,11.5,1
Michigan,2015,9852,1259,98,12.8,1
Minnesota,2015,5458,428,58,7.8,1.1
Mississippi,2015,2947,563,33,19.1,1.1
Missouri,2015,5946,582,71,9.8,1.2
Montana,2015,1018,121,12,11.9,1.2
Nebraska,2015,1858,192,18,10.3,1
Nevada,2015,2864,371,36,13,1.3
New Hampshire,2015,1293,94,13,7.3,1
New Jersey,2015,8936,1004,95,11.2,1.1
New Mexico,2015,2036,400,28,19.7,1.4
New York,2015,19645,2791,156,14.2,0.8
North Carolina,2015,9887,1509,95,15.3,1
North Dakota,2015,763,82,12,10.7,1.5
Ohio,2015,11435,1550,105,13.6,0.9
Oklahoma,2015,3887,551,45,14.2,1.1
Oregon,2015,4029,478,69,11.9,1.7
Pennsylvania,2015,12564,1542,107,12.3,0.9
Rhode Island,2015,1044,123,16,11.8,1.5
South Carolina,2015,4790,683,56,14.3,1.2
South Dakota,2015,848,118,10,13.9,1.2
Tennessee,2015,6605,973,70,14.7,1.1
Texas,2015,27396,4036,207,14.7,0.8
Utah,2015,3004,279,30,9.3,1
Vermont,2015,609,65,8,10.7,1.3
Virginia,2015,8216,894,81,10.9,1
Washington,2015,7193,819,54,11.4,0.8
West Virginia,2015,1795,261,46,14.5,2.6
Wisconsin,2015,5736,654,68,11.4,1.2
Wyoming,2015,574,56,8,9.8,1.4
Alabama,2014,4765,848,53,17.8,1.1
Alaska,2014,694,82,8,11.9,1.2
Arizona,2014,6657,1409,76,21.2,1.1
Arkansas,2014,2891,532,44,18.4,1.5
California,2014,38666,6112,218,15.8,0.6
Colorado,2014,5376,661,72,12.3,1.3
Connecticut,2014,3577,308,44,8.6,1.2
Delaware,2014,929,103,10,11,1
District of Columbia,2014,657,125,9,19,1.3
Florida,2014,19694,3282,150,16.7,0.8
Georgia,2014,9948,1676,92,16.8,0.9
Hawaii,2014,1365,147,16,10.8,1.1
Idaho,2014,1606,199,22,12.4,1.4
Illinois,2014,12774,1756,111,13.7,0.9
Indiana,2014,6470,948,85,14.6,1.3
Iowa,2014,3078,317,33,10.3,1.1
Kansas,2014,2851,345,31,12.1,1.1
Kentucky,2014,4299,861,69,20,1.6
Louisiana,2014,4550,1049,53,23.1,1.2
Maine,2014,1300,190,20,14.6,1.5
Maryland,2014,5934,584,55,9.8,0.9
Massachusetts,2014,6653,902,71,13.6,1.1
Michigan,2014,9893,1462,90,14.8,0.9
Minnesota,2014,5417,447,53,8.3,1
Mississippi,2014,2961,654,37,22.1,1.2
Missouri,2014,5950,620,54,10.4,0.9
Montana,2014,1008,121,13,12,1.3
Nebraska,2014,1873,221,23,11.8,1.2
Nevada,2014,2819,478,45,17,1.6
New Hampshire,2014,1318,95,11,7.2,0.8
New Jersey,2014,8938,1013,90,11.3,1
New Mexico,2014,2030,406,33,20,1.6
New York,2014,19658,2755,144,14,0.7
North Carolina,2014,9823,1678,117,17.1,1.2
North Dakota,2014,731,71,5,9.7,0.7
Ohio,2014,11505,1792,109,15.6,0.9
Oklahoma,2014,3728,647,51,17.3,1.4
Oregon,2014,3955,570,47,14.4,1.2
Pennsylvania,2014,12620,1581,104,12.5,0.8
Rhode Island,2014,1046,119,14,11.3,1.3
South Carolina,2014,4764,788,51,16.5,1.1
South Dakota,2014,846,109,14,12.8,1.7
Tennessee,2014,6496,1122,75,17.3,1.2
Texas,2014,26676,4364,173,16.4,0.6
Utah,2014,2928,298,36,10.2,1.2
Vermont,2014,615,57,6,9.3,0.9
Virginia,2014,8257,842,73,10.2,0.9
Washington,2014,7079,852,82,12,1.2
West Virginia,2014,1822,376,30,20.6,1.7
Wisconsin,2014,5742,628,55,10.9,1
Wyoming,2014,572,55,6,9.7,1.1
Alabama,2013,4807,891,94,18.5,2
Alaska,2013,696,67,15,9.7,2.1
Arizona,2013,6532,1163,161,17.8,2.5
Arkansas,2013,2852,395,46,13.9,1.6
California,2013,38207,5754,352,15.1,0.9
Colorado,2013,5303,569,72,10.7,1.4
Connecticut,2013,3637,396,59,10.9,1.6
Delaware,2013,912,102,17,11.2,1.8
District of Columbia,2013,647,150,17,23.2,2.6
Florida,2013,19462,2882,249,14.8,1.3
Georgia,2013,9848,1825,172,18.5,1.8
Hawaii,2013,1338,142,24,10.6,1.8
Idaho,2013,1610,200,36,12.4,2.2
Illinois,2013,12654,1720,154,13.6,1.2
Indiana,2013,6557,1083,138,16.5,2.1
Iowa,2013,3076,405,42,13.2,1.4
Kansas,2013,2760,315,70,11.4,2.5
Kentucky,2013,4501,991,106,22,2.4
Louisiana,2013,4534,963,113,21.2,2.5
Maine,2013,1330,151,22,11.4,1.6
Maryland,2013,5946,623,88,10.5,1.5
Massachusetts,2013,6735,818,150,12.1,2.2
Michigan,2013,10074,1277,158,12.7,1.6
Minnesota,2013,5349,589,84,11,1.6
Mississippi,2013,2895,554,101,19.1,3.5
Missouri,2013,5955,1041,136,17.5,2.3
Montana,2013,980,103,27,10.5,2.7
Nebraska,2013,1868,196,30,10.5,1.6
Nevada,2013,2774,401,60,14.5,2.2
New Hampshire,2013,1301,71,13,5.5,1
New Jersey,2013,8728,861,120,9.9,1.4
New Mexico,2013,2079,535,72,25.8,3.5
New York,2013,19335,3337,294,17.3,1.5
North Carolina,2013,9672,1419,192,14.7,2
North Dakota,2013,716,94,15,13.2,2.1
Ohio,2013,11280,1684,174,14.9,1.5
Oklahoma,2013,3697,785,126,21.2,3.4
Oregon,2013,3969,556,80,14,2
Pennsylvania,2013,12804,1432,152,11.2,1.2
Rhode Island,2013,1032,96,18,9.3,1.7
South Carolina,2013,4676,904,107,19.3,2.3
South Dakota,2013,827,110,20,13.3,2.5
Tennessee,2013,6272,972,138,15.5,2.2
Texas,2013,26201,4422,314,16.9,1.2
Utah,2013,2923,357,50,12.2,1.7
Vermont,2013,629,43,10,6.8,1.6
Virginia,2013,8230,805,116,9.8,1.4
Washington,2013,6877,836,99,12.2,1.4
West Virginia,2013,1805,358,51,19.8,2.8
Wisconsin,2013,5615,756,104,13.5,1.9
Wyoming,2013,592,68,11,11.4,1.9
Alabama,2012,4808,777,91,16.2,1.9
Alaska,2012,702,70,8,10,1.1
Arizona,2012,6642,1260,111,19,1.7
Arkansas,2012,2909,584,51,20.1,1.8
California,2012,37912,6015,192,15.9,0.5
Colorado,2012,5153,613,61,11.9,1.2
Connecticut,2012,3517,363,30,10.3,0.9
Delaware,2012,900,121,11,13.5,1.2
D.C.,2012,632,116,9,18.4,1.3
Florida,2012,19166,2926,128,15.3,0.7
Georgia,2012,9665,1752,134,18.1,1.4
Hawaii,2012,1356,188,21,13.8,1.6
Idaho,2012,1588,229,22,14.4,1.4
Illinois,2012,12727,1608,98,12.6,0.8
Indiana,2012,6343,964,70,15.2,1.1
Iowa,2012,3010,310,22,10.3,0.8
Kansas,2012,2828,397,34,14,1.3
Kentucky,2012,4342,776,66,17.9,1.5
Louisiana,2012,4465,944,99,21.1,2.3
Maine,2012,1330,170,14,12.8,1.1
Maryland,2012,5892,585,47,9.9,0.8
Massachusetts,2012,6566,743,59,11.3,0.9
Michigan,2012,9731,1331,95,13.7,1
Minnesota,2012,5353,534,47,10,0.9
Mississippi,2012,2893,636,55,22,1.9
Missouri,2012,5956,905,86,15.2,1.5
Montana,2012,999,134,15,13.4,1.5
Nebraska,2012,1849,226,25,12.2,1.3
Nevada,2012,2735,433,32,15.8,1.2
New Hampshire,2012,1308,106,11,8.1,0.8
New Jersey,2012,8720,814,73,9.3,0.8
New Mexico,2012,2064,420,44,20.4,2.1
New York,2012,19298,3328,131,17.2,0.7
North Carolina,2012,9634,1652,126,17.2,1.3
North Dakota,2012,692,79,7,11.4,1.1
Ohio,2012,11398,1751,119,15.4,1.1
Oklahoma,2012,3700,668,46,18,1.3
Oregon,2012,3872,523,40,13.5,1
Pennsylvania,2012,12664,1756,111,13.9,0.9
Rhode Island,2012,1034,141,12,13.6,1.1
South Carolina,2012,4667,779,63,16.7,1.4
South Dakota,2012,822,106,11,12.8,1.3
Tennessee,2012,6422,1194,118,18.6,1.9
Texas,2012,26063,4444,192,17,0.7
Utah,2012,2849,312,45,11,1.6
Vermont,2012,615,69,7,11.2,1.1
Virginia,2012,7994,850,89,10.6,1.1
Washington,2012,6856,796,58,11.6,0.9
West Virginia,2012,1803,301,40,16.7,2.2
Wisconsin,2012,5628,640,49,11.4,0.9
Wyoming,2012,577,56,7,9.6,1.2
Alabama,2011,4765,732,74,15.4,1.5
Alaska,2011,712,83,9,11.7,1.3
Arizona,2011,6547,1128,107,17.2,1.7
Arkansas,2011,2909,545,46,18.7,1.6
California,2011,37592,6352,202,16.9,0.6
Colorado,2011,5016,661,54,13.2,1.1
Connecticut,2011,3514,356,33,10.1,0.9
Delaware,2011,902,123,9,13.7,1
D.C.,2011,619,123,9,19.9,1.4
Florida,2011,18986,2822,136,14.9,0.7
Georgia,2011,9681,1783,122,18.4,1.3
Hawaii,2011,1337,162,18,12.1,1.4
Idaho,2011,1574,248,26,15.7,1.7
Illinois,2011,12697,1807,109,14.2,0.9
Indiana,2011,6344,989,83,15.6,1.3
Iowa,2011,3027,315,24,10.4,0.8
Kansas,2011,2807,402,32,14.3,1.2
Kentucky,2011,4302,689,60,16,1.4
Louisiana,2011,4494,947,75,21.1,1.6
Maine,2011,1328,178,14,13.4,1.1
Maryland,2011,5806,537,43,9.3,0.8
Massachusetts,2011,6514,688,55,10.6,0.9
Michigan,2011,9689,1449,100,15,1
Minnesota,2011,5276,528,46,10,0.9
Mississippi,2011,2932,510,40,17.4,1.4
Missouri,2011,5892,910,98,15.4,1.7
Montana,2011,986,163,16,16.5,1.6
Nebraska,2011,1823,187,22,10.2,1.3
Nevada,2011,2682,414,34,15.5,1.3
New Hampshire,2011,1300,99,12,7.6,0.9
New Jersey,2011,8642,988,76,11.4,0.9
New Mexico,2011,2037,451,36,22.2,1.8
New York,2011,19329,3085,144,16,0.7
North Carolina,2011,9504,1459,130,15.4,1.4
North Dakota,2011,675,67,10,9.9,1.4
Ohio,2011,11309,1708,129,15.1,1.2
Oklahoma,2011,3763,522,47,13.9,1.2
Oregon,2011,3850,553,51,14.4,1.3
Pennsylvania,2011,12697,1604,106,12.6,0.8
Rhode Island,2011,1038,139,10,13.4,1
South Carolina,2011,4605,874,64,19,1.4
South Dakota,2011,808,117,20,14.5,2.5
Tennessee,2011,6324,1030,104,16.3,1.7
Texas,2011,25554,4458,196,17.4,0.8
Utah,2011,2812,309,29,11,1
Vermont,2011,615,71,6,11.6,1
Virginia,2011,7971,907,70,11.4,0.9
Washington,2011,6812,854,74,12.5,1.1
West Virginia,2011,1820,318,34,17.5,1.8
Wisconsin,2011,5676,743,60,13.1,1.1
Wyoming,2011,562,60,8,10.7,1.4
Alabama,2010,4717,812,83,17.2,1.8
Alaska,2010,695,87,10,12.5,1.5
Arizona,2010,6426,1208,108,18.8,1.7
Arkansas,2010,2879,440,45,15.3,1.6
California,2010,37240,6073,212,16.3,0.6
Colorado,2010,4995,615,54,12.3,1.1
Connecticut,2010,3541,303,27,8.6,0.8
Delaware,2010,890,109,10,12.2,1.1
D.C.,2010,604,118,8,19.5,1.3
Florida,2010,18759,3006,127,16,0.7
Georgia,2010,9650,1814,104,18.8,1.1
Hawaii,2010,1311,162,15,12.4,1.2
Idaho,2010,1543,213,23,13.8,1.5
Illinois,2010,12784,1798,101,14.1,0.8
Indiana,2010,6390,1041,95,16.3,1.5
Iowa,2010,2977,307,30,10.3,1
Kansas,2010,2766,400,39,14.5,1.4
Kentucky,2010,4270,754,65,17.7,1.6
Louisiana,2010,4418,949,69,21.5,1.6
Maine,2010,1298,164,15,12.6,1.2
Maryland,2010,5786,628,50,10.9,0.9
Massachusetts,2010,6532,711,68,10.9,1.1
Michigan,2010,9751,1530,110,15.7,1.1
Minnesota,2010,5217,563,43,10.8,0.8
Mississippi,2010,2920,658,44,22.5,1.5
Missouri,2010,5929,890,79,15,1.4
Montana,2010,979,142,17,14.5,1.8
Nebraska,2010,1804,184,20,10.2,1.2
Nevada,2010,2696,446,35,16.6,1.3
New Hampshire,2010,1294,84,8,6.5,0.7
New Jersey,2010,8733,966,89,11.1,1
New Mexico,2010,2033,372,30,18.3,1.5
New York,2010,19116,3062,147,16,0.8
North Carolina,2010,9359,1633,90,17.4,1
North Dakota,2010,653,82,6,12.6,0.9
Ohio,2010,11341,1746,118,15.4,1.1
Oklahoma,2010,3697,603,62,16.3,1.7
Oregon,2010,3752,537,44,14.3,1.2
Pennsylvania,2010,12530,1535,84,12.2,0.7
Rhode Island,2010,1042,146,11,14,1
South Carolina,2010,4563,773,53,16.9,1.2
South Dakota,2010,799,109,9,13.6,1.1
Tennessee,2010,6315,1052,85,16.7,1.3
Texas,2010,25200,4633,196,18.4,0.8
Utah,2010,2768,278,30,10,1.1
Vermont,2010,624,67,7,10.8,1.1
Virginia,2010,7837,835,73,10.7,0.9
Washington,2010,6713,779,73,11.6,1.1
West Virginia,2010,1816,306,23,16.8,1.3
Wisconsin,2010,5626,567,52,10.1,0.9
Wyoming,2010,550,53,5,9.6,0.9
Alabama,2009,4655,770,60,16.6,1.3
Alaska,2009,688,81,8,11.7,1.2
Arizona,2009,6508,1381,84,21.2,1.3
Arkansas,2009,2846,538,40,18.9,1.4
California,2009,36742,5638,177,15.3,0.5
Colorado,2009,4969,613,58,12.3,1.2
Connecticut,2009,3472,292,35,8.4,1
Delaware,2009,883,109,11,12.3,1.2
D.C.,2009,595,107,9,17.9,1.5
Florida,2009,18385,2676,116,14.6,0.6
Georgia,2009,9657,1775,91,18.4,0.9
Hawaii,2009,1250,156,14,12.5,1.2
Idaho,2009,1524,209,19,13.7,1.2
Illinois,2009,12759,1690,94,13.2,0.7
Indiana,2009,6342,1023,70,16.1,1.1
Iowa,2009,2987,319,34,10.7,1.1
Kansas,2009,2737,374,35,13.7,1.3
Kentucky,2009,4276,727,58,17,1.4
Louisiana,2009,4450,636,55,14.3,1.2
Maine,2009,1297,148,16,11.4,1.3
Maryland,2009,5662,543,54,9.6,1
Massachusetts,2009,6623,717,60,10.8,0.9
Michigan,2009,9797,1376,83,14,0.8
Minnesota,2009,5200,576,54,11.1,1
Mississippi,2009,2847,658,44,23.1,1.5
Missouri,2009,5963,926,68,15.5,1.1
Montana,2009,971,131,12,13.5,1.2
Nebraska,2009,1778,176,20,9.9,1.1
Nevada,2009,2629,343,32,13,1.2
New Hampshire,2009,1313,103,13,7.8,1
New Jersey,2009,8660,806,66,9.3,0.8
New Mexico,2009,1971,381,31,19.3,1.6
New York,2009,19158,3018,125,15.8,0.7
North Carolina,2009,9336,1576,88,16.9,0.9
North Dakota,2009,632,69,7,10.9,1.1
Ohio,2009,11441,1526,87,13.3,0.8
Oklahoma,2009,3632,468,44,12.9,1.2
Oregon,2009,3821,510,49,13.4,1.3
Pennsylvania,2009,12401,1376,84,11.1,0.7
Rhode Island,2009,1030,134,14,13,1.3
South Carolina,2009,4501,618,55,13.7,1.2
South Dakota,2009,799,113,9,14.1,1.2
Tennessee,2009,6240,1031,70,16.5,1.1
Texas,2009,24632,4262,154,17.3,0.6
Utah,2009,2794,270,26,9.7,0.9
Vermont,2009,617,58,7,9.4,1.1
Virginia,2009,7767,831,65,10.7,0.8
Washington,2009,6697,781,65,11.7,1
West Virginia,2009,1801,285,22,15.8,1.2
Wisconsin,2009,5545,599,56,10.8,1
Wyoming,2009,540,50,6,9.2,1.1
Alabama,2008,4716,675,57,14.3,1.2
Alaska,2008,672,55,7,8.2,1
Arizona,2008,6529,1172,79,18,1.2
Arkansas,2008,2822,431,36,15.3,1.3
California,2008,36637,5344,174,14.6,0.5
Colorado,2008,4908,541,55,11,1.1
Connecticut,2008,3433,276,34,8.1,1
Delaware,2008,861,82,9,9.6,1.1
D.C.,2008,590,98,9,16.5,1.5
Florida,2008,18022,2370,110,13.1,0.6
Georgia,2008,9541,1477,84,15.5,0.9
Hawaii,2008,1255,125,13,9.9,1.1
Idaho,2008,1515,185,18,12.2,1.2
Illinois,2008,12687,1564,90,12.3,0.7
Indiana,2008,6288,901,66,14.3,1.1
Iowa,2008,2986,285,32,9.5,1.1
Kansas,2008,2716,346,34,12.7,1.3
Kentucky,2008,4246,724,58,17.1,1.4
Louisiana,2008,4326,788,60,18.2,1.4
Maine,2008,1317,158,17,12,1.3
Maryland,2008,5528,481,51,8.7,0.9
Massachusetts,2008,6420,727,60,11.3,0.9
Michigan,2008,9806,1273,80,13,0.8
Minnesota,2008,5120,506,51,9.9,1
Mississippi,2008,2900,525,40,18.1,1.4
Missouri,2008,5861,780,63,13.3,1.1
Montana,2008,973,125,12,12.9,1.2
Nebraska,2008,1774,188,20,10.6,1.1
Nevada,2008,2581,278,30,10.8,1.2
New Hampshire,2008,1300,91,12,7,1
New Jersey,2008,8515,787,65,9.2,0.8
New Mexico,2008,1977,381,31,19.3,1.6
New York,2008,19309,2734,120,14.2,0.6
North Carolina,2008,9234,1285,80,13.9,0.9
North Dakota,2008,625,74,7,11.8,1.2
Ohio,2008,11386,1557,88,13.7,0.8
Oklahoma,2008,3550,484,45,13.6,1.3
Oregon,2008,3806,403,44,10.6,1.2
Pennsylvania,2008,12178,1335,83,11,0.7
Rhode Island,2008,1042,132,14,12.7,1.3
South Carolina,2008,4462,624,55,14,1.2
South Dakota,2008,794,104,9,13.1,1.1
Tennessee,2008,6163,924,67,15,1.1
Texas,2008,24174,3834,148,15.9,0.6
Utah,2008,2754,209,23,7.6,0.9
Vermont,2008,610,55,7,9,1.1
Virginia,2008,7735,799,64,10.3,0.8
Washington,2008,6526,680,61,10.4,0.9
West Virginia,2008,1796,260,21,14.5,1.2
Wisconsin,2008,5548,544,53,9.8,1
Wyoming,2008,529,54,6,10.1,1.2
Alabama,2007,4566,662,56,14.5,1.2
Alaska,2007,675,51,7,7.6,1
Arizona,2007,6365,912,71,14.3,1.1
Arkansas,2007,2803,387,35,13.8,1.2
California,2007,36247,4589,163,12.7,0.5
Colorado,2007,4872,478,52,9.8,1.1
Connecticut,2007,3471,309,36,8.9,1
Delaware,2007,861,80,9,9.3,1.1
D.C.,2007,580,104,9,18,1.6
Florida,2007,18044,2250,108,12.5,0.6
Georgia,2007,9486,1294,80,13.6,0.8
Hawaii,2007,1264,94,12,7.5,0.9
Idaho,2007,1501,149,16,9.9,1.1
Illinois,2007,12680,1262,82,10,0.7
Indiana,2007,6258,740,61,11.8,1
Iowa,2007,2965,264,31,8.9,1.1
Kansas,2007,2720,319,33,11.7,1.2
Kentucky,2007,4202,653,55,15.5,1.3
Louisiana,2007,4186,673,56,16.1,1.3
Maine,2007,1312,142,16,10.9,1.2
Maryland,2007,5560,491,52,8.8,0.9
Massachusetts,2007,6336,707,59,11.2,0.9
Michigan,2007,9919,1076,74,10.8,0.8
Minnesota,2007,5188,482,50,9.3,1
Mississippi,2007,2895,655,44,22.6,1.5
Missouri,2007,5783,742,62,12.8,1.1
Montana,2007,938,122,12,13,1.2
Nebraska,2007,1751,174,20,9.9,1.1
Nevada,2007,2566,250,28,9.7,1.1
New Hampshire,2007,1312,76,11,5.8,0.9
New Jersey,2007,8548,742,63,8.7,0.7
New Mexico,2007,1941,271,27,14,1.4
New York,2007,19021,2757,121,14.5,0.6
North Carolina,2007,9170,1423,84,15.5,0.9
North Dakota,2007,614,57,7,9.3,1.1
Ohio,2007,11280,1446,85,12.8,0.8
Oklahoma,2007,3551,476,44,13.4,1.3
Oregon,2007,3761,481,47,12.8,1.3
Pennsylvania,2007,12297,1273,81,10.4,0.7
Rhode Island,2007,1042,99,12,9.5,1.1
South Carolina,2007,4380,617,54,14.1,1.2
South Dakota,2007,787,74,8,9.4,1
Tennessee,2007,6137,906,66,14.8,1.1
Texas,2007,23653,3903,148,16.5,0.6
Utah,2007,2651,255,26,9.6,1
Vermont,2007,613,61,7,9.9,1.2
Virginia,2007,7678,664,59,8.6,0.8
Washington,2007,6503,661,60,10.2,0.9
West Virginia,2007,1793,265,22,14.8,1.2
Wisconsin,2007,5458,601,56,11,1
Wyoming,2007,518,56,6,10.9,1.2
Alabama,2006,4532,650,56,14.3,1.2
Alaska,2006,658,58,7,8.9,1.1
Arizona,2006,6256,902,71,14.4,1.1
Arkansas,2006,2748,487,38,17.7,1.4
California,2006,36160,4427,160,12.2,0.4
Colorado,2006,4797,466,52,9.7,1.1
Connecticut,2006,3457,275,34,8,1
Delaware,2006,858,80,9,9.3,1.1
D.C.,2006,569,104,9,18.3,1.6
Florida,2006,18029,2068,104,11.5,0.6
Georgia,2006,9334,1172,76,12.6,0.8
Hawaii,2006,1254,116,13,9.2,1
Idaho,2006,1472,141,16,9.5,1.1
Illinois,2006,12633,1338,85,10.6,0.7
Indiana,2006,6334,674,59,10.6,0.9
Iowa,2006,2913,301,33,10.3,1.1
Kansas,2006,2719,349,34,12.8,1.3
Kentucky,2006,4106,690,56,16.8,1.4
Louisiana,2006,4206,713,57,17,1.4
Maine,2006,1313,134,16,10.2,1.2
Maryland,2006,5607,469,51,8.4,0.9
Massachusetts,2006,6324,758,61,12,1
Michigan,2006,9953,1323,81,13.3,0.8
Minnesota,2006,5145,422,47,8.2,0.9
Mississippi,2006,2887,596,42,20.6,1.5
Missouri,2006,5797,659,58,11.4,1
Montana,2006,930,125,12,13.5,1.3
Nebraska,2006,1765,180,20,10.2,1.1
Nevada,2006,2530,241,28,9.5,1.1
New Hampshire,2006,1308,71,11,5.4,0.8
New Jersey,2006,8650,762,64,8.8,0.7
New Mexico,2006,1939,328,29,16.9,1.5
New York,2006,19021,2668,119,14,0.6
North Carolina,2006,8847,1225,79,13.8,0.9
North Dakota,2006,615,70,7,11.4,1.2
Ohio,2006,11297,1371,83,12.1,0.7
Oklahoma,2006,3489,531,47,15.2,1.3
Oregon,2006,3705,439,45,11.8,1.2
Pennsylvania,2006,12326,1397,84,11.3,0.7
Rhode Island,2006,1054,110,13,10.5,1.2
South Carolina,2006,4224,474,49,11.2,1.2
South Dakota,2006,770,82,8,10.7,1.1
Tennessee,2006,5916,879,65,14.9,1.1
Texas,2006,23208,3816,147,16.4,0.6
Utah,2006,2536,235,25,9.3,1
Vermont,2006,618,48,6,7.8,1.1
Virginia,2006,7532,651,58,8.6,0.8
Washington,2006,6310,502,53,8,0.8
West Virginia,2006,1810,277,22,15.3,1.2
Wisconsin,2006,5471,555,54,10.1,1
Wyoming,2006,516,51,6,10,1.2
Alabama,2005,4501,750,59,16.7,1.3
Alaska,2005,657,66,7,10,1.1
Arizona,2005,6025,917,71,15.2,1.2
Arkansas,2005,2756,382,34,13.8,1.3
California,2005,35840,4716,164,13.2,0.5
Colorado,2005,4629,530,55,11.4,1.2
Connecticut,2005,3483,326,37,9.3,1.1
Delaware,2005,842,78,9,9.2,1.1
D.C.,2005,539,115,9,21.3,1.7
Florida,2005,17845,1975,102,11.1,0.6
Georgia,2005,9014,1298,80,14.4,0.9
Hawaii,2005,1274,110,12,8.6,1
Idaho,2005,1441,143,16,9.9,1.1
Illinois,2005,12571,1441,87,11.5,0.7
Indiana,2005,6131,774,62,12.6,1
Iowa,2005,2902,327,34,11.3,1.2
Kansas,2005,2693,337,34,12.5,1.3
Kentucky,2005,4049,599,53,14.8,1.3
Louisiana,2005,4086,748,58,18.3,1.4
Maine,2005,1314,166,17,12.6,1.3
Maryland,2005,5560,542,54,9.7,1
Massachusetts,2005,6318,641,57,10.1,0.9
Michigan,2005,9964,1196,78,12,0.8
Minnesota,2005,5113,412,46,8.1,0.9
Mississippi,2005,2843,571,41,20.1,1.5
Missouri,2005,5697,659,58,11.6,1
Montana,2005,926,128,12,13.8,1.3
Nebraska,2005,1760,167,19,9.5,1.1
Nevada,2005,2447,260,29,10.6,1.2
New Hampshire,2005,1298,73,11,5.6,0.9
New Jersey,2005,8692,592,57,6.8,0.7
New Mexico,2005,1938,347,29,17.9,1.5
New York,2005,18995,2760,121,14.5,0.6
North Carolina,2005,8538,1115,75,13.1,0.9
North Dakota,2005,625,70,7,11.2,1.2
Ohio,2005,11310,1392,84,12.3,0.7
Oklahoma,2005,3486,543,47,15.6,1.4
Oregon,2005,3619,436,45,12,1.3
Pennsylvania,2005,12237,1372,84,11.2,0.7
Rhode Island,2005,1052,127,13,12.1,1.3
South Carolina,2005,4164,626,55,15,1.3
South Dakota,2005,765,90,8,11.8,1.1
Tennessee,2005,5853,872,65,14.9,1.1
Texas,2005,22777,3681,144,16.2,0.6
Utah,2005,2521,232,24,9.2,1
Vermont,2005,621,47,6,7.6,1
Virginia,2005,7442,684,60,9.2,0.8
Washington,2005,6237,636,59,10.2,0.9
West Virginia,2005,1795,276,22,15.4,1.2
Wisconsin,2005,5440,553,54,10.2,1
Wyoming,2005,509,54,6,10.6,1.2
Alabama,2004,4508,762,59,16.9,1.3
Alaska,2004,648,59,7,9.1,1.1
Arizona,2004,5763,830,68,14.4,1.2
Arkansas,2004,2723,412,35,15.1,1.3
California,2004,35772,4724,165,13.2,0.5
Colorado,2004,4517,450,51,10,1.1
Connecticut,2004,3487,352,38,10.1,1.1
Delaware,2004,825,74,9,9,1.1
D.C.,2004,545,93,9,17,1.6
Florida,2004,17419,2028,103,11.6,0.6
Georgia,2004,8700,1132,75,13,0.9
Hawaii,2004,1244,106,12,8.6,1
Idaho,2004,1372,136,15,9.9,1.1
Illinois,2004,12563,1546,90,12.3,0.7
Indiana,2004,6121,712,60,11.6,1
Iowa,2004,2901,316,34,10.9,1.2
Kansas,2004,2669,304,32,11.4,1.2
Kentucky,2004,4068,723,57,17.8,1.4
Louisiana,2004,4419,744,58,16.8,1.3
Maine,2004,1290,149,17,11.6,1.3
Maryland,2004,5539,550,54,9.9,1
Massachusetts,2004,6363,594,55,9.3,0.9
Michigan,2004,9939,1318,81,13.3,0.8
Minnesota,2004,5120,356,43,7,0.9
Mississippi,2004,2862,536,40,18.7,1.4
Missouri,2004,5609,686,60,12.2,1.1
Montana,2004,908,129,12,14.2,1.3
Nebraska,2004,1724,163,19,9.5,1.1
Nevada,2004,2385,260,29,10.9,1.2
New Hampshire,2004,1291,71,11,5.5,0.9
New Jersey,2004,8652,693,61,8,0.7
New Mexico,2004,1899,314,28,16.5,1.5
New York,2004,19010,2847,122,15,0.6
North Carolina,2004,8421,1229,79,14.6,0.9
North Dakota,2004,627,61,7,9.7,1.1
Ohio,2004,11259,1304,81,11.6,0.7
Oklahoma,2004,3444,373,40,10.8,1.2
Oregon,2004,3572,421,45,11.8,1.3
Pennsylvania,2004,12142,1383,84,11.4,0.7
Rhode Island,2004,1055,122,13,11.5,1.2
South Carolina,2004,4120,615,54,14.9,1.3
South Dakota,2004,751,102,9,13.5,1.2
Tennessee,2004,5846,932,67,15.9,1.1
Texas,2004,22288,3669,144,16.5,0.7
Utah,2004,2390,241,25,10.1,1
Vermont,2004,616,48,7,7.8,1.1
Virginia,2004,7369,693,60,9.4,0.8
Washington,2004,6116,700,61,11.4,1
West Virginia,2004,1791,254,21,14.2,1.2
Wisconsin,2004,5456,676,59,12.4,1.1
Wyoming,2004,496,50,6,10,1.2
Alabama,2003,4417,663,56,15,1.2
Alaska,2003,643,62,6,9.6,0.9
Arizona,2003,5558,749,70,13.5,1.2
Arkansas,2003,2670,474,39,17.8,1.3
California,2003,35309,4634,198,13.1,0.5
Colorado,2003,4478,436,40,9.7,0.8
Connecticut,2003,3417,278,28,8.1,0.8
Delaware,2003,818,60,7,7.3,0.9
D.C.,2003,550,92,8,16.8,1.4
Florida,2003,16884,2148,114,12.7,0.6
Georgia,2003,8559,1014,94,11.9,1
Hawaii,2003,1250,117,12,9.3,0.9
Idaho,2003,1356,138,15,10.2,1
Illinois,2003,12616,1592,95,12.6,0.7
Indiana,2003,6130,610,54,9.9,0.8
Iowa,2003,2916,260,26,8.9,0.9
Kansas,2003,2676,288,27,10.8,1
Kentucky,2003,4100,589,50,14.4,1.1
Louisiana,2003,4422,750,63,17,1.3
Maine,2003,1279,149,13,11.6,0.9
Maryland,2003,5485,472,47,8.6,0.8
Massachusetts,2003,6357,652,56,10.3,0.8
Michigan,2003,9893,1125,77,11.4,0.7
Minnesota,2003,5075,376,40,7.4,0.8
Mississippi,2003,2851,456,41,16,1.3
Missouri,2003,5606,602,55,10.7,0.9
Montana,2003,915,139,13,15.1,1.3
Nebraska,2003,1725,168,17,9.8,1
Nevada,2003,2242,244,22,10.9,0.9
New Hampshire,2003,1263,73,9,5.8,0.7
New Jersey,2003,8574,741,60,8.6,0.7
New Mexico,2003,1867,338,30,18.1,1.5
New York,2003,18922,2707,120,14.3,0.6
North Carolina,2003,8223,1289,86,15.7,1
North Dakota,2003,631,61,6,9.7,0.9
Ohio,2003,11227,1226,83,10.9,0.7
Oklahoma,2003,3430,440,40,12.8,1.1
Oregon,2003,3560,446,40,12.5,1.1
Pennsylvania,2003,12135,1279,82,10.5,0.6
Rhode Island,2003,1051,121,10,11.5,0.9
South Carolina,2003,4060,516,46,12.7,1.1
South Dakota,2003,749,95,8,12.7,1
Tennessee,2003,5901,829,75,14,1.2
Texas,2003,21827,3705,170,17,0.7
Utah,2003,2346,213,23,9.1,0.9
Vermont,2003,610,52,5,8.5,0.9
Virginia,2003,7367,740,71,10,0.9
Washington,2003,6078,766,68,12.6,1.1
West Virginia,2003,1785,310,23,17.4,1.2
Wisconsin,2003,5412,528,48,9.8,0.8
Wyoming,2003,487,48,5,9.8,1
Alabama,2002,4432,640,55,14.5,1.2
Alaska,2002,632,56,6,8.8,0.9
Arizona,2002,5424,735,69,13.5,1.2
Arkansas,2002,2690,532,42,19.8,1.4
California,2002,35068,4605,197,13.1,0.5
Colorado,2002,4470,436,40,9.8,0.8
Connecticut,2002,3377,279,28,8.3,0.8
Delaware,2002,796,73,8,9.1,1
D.C.,2002,570,97,8,17,1.4
Florida,2002,16391,2058,112,12.6,0.6
Georgia,2002,8413,939,90,11.2,1
Hawaii,2002,1219,138,14,11.3,1
Idaho,2002,1296,147,15,11.3,1.1
Illinois,2002,12495,1594,96,12.8,0.7
Indiana,2002,6086,552,51,9.1,0.8
Iowa,2002,2899,267,27,9.2,0.9
Kansas,2002,2681,269,26,10.1,0.9
Kentucky,2002,4033,571,49,14.2,1.1
Louisiana,2002,4445,777,64,17.5,1.3
Maine,2002,1265,170,13,13.4,1
Maryland,2002,5419,400,44,7.4,0.8
Massachusetts,2002,6469,648,56,10,0.8
Michigan,2002,9897,1152,78,11.6,0.7
Minnesota,2002,5044,325,37,6.5,0.7
Mississippi,2002,2785,513,44,18.4,1.4
Missouri,2002,5581,551,53,9.9,0.9
Montana,2002,902,122,12,13.5,1.3
Nebraska,2002,1700,181,18,10.6,1
Nevada,2002,2114,188,19,8.9,0.9
New Hampshire,2002,1264,73,9,5.8,0.7
New Jersey,2002,8585,681,57,7.9,0.6
New Mexico,2002,1837,328,30,17.9,1.5
New York,2002,19224,2690,120,14,0.6
North Carolina,2002,8146,1165,82,14.3,0.9
North Dakota,2002,632,73,7,11.6,1
Ohio,2002,11253,1099,79,9.8,0.7
Oklahoma,2002,3473,489,43,14.1,1.1
Oregon,2002,3503,380,37,10.9,1
Pennsylvania,2002,12168,1152,78,9.5,0.6
Rhode Island,2002,1055,116,10,11,0.9
South Carolina,2002,3989,568,49,14.3,1.1
South Dakota,2002,743,85,8,11.5,1
Tennessee,2002,5655,839,75,14.8,1.2
Texas,2002,21482,3362,162,15.6,0.7
Utah,2002,2308,228,24,9.9,1
Vermont,2002,616,61,6,9.9,0.9
Virginia,2002,7108,702,69,9.9,0.9
Washington,2002,5988,657,63,11,1
West Virginia,2002,1747,293,22,16.8,1.2
Wisconsin,2002,5463,467,45,8.6,0.8
Wyoming,2002,488,44,5,9,0.9
Alabama,2001,4378,696,57,15.9,1.2
Alaska,2001,632,54,6,8.5,0.9
Arizona,2001,5314,778,71,14.6,1.2
Arkansas,2001,2650,472,39,17.8,1.4
California,2001,34394,4321,191,12.6,0.5
Colorado,2001,4402,383,37,8.7,0.8
Connecticut,2001,3385,249,27,7.3,0.8
Delaware,2001,790,53,7,6.7,0.9
D.C.,2001,554,101,9,18.2,1.4
Florida,2001,16316,2077,112,12.7,0.7
Georgia,2001,8261,1069,96,12.9,1.1
Hawaii,2001,1205,138,13,11.4,1.1
Idaho,2001,1314,151,15,11.5,1.1
Illinois,2001,12314,1249,85,10.1,0.7
Indiana,2001,6030,511,49,8.5,0.8
Iowa,2001,2858,212,24,7.4,0.8
Kansas,2001,2635,267,26,10.1,0.9
Kentucky,2001,3989,503,46,12.6,1.1
Louisiana,2001,4372,709,61,16.2,1.3
Maine,2001,1277,132,12,10.3,0.9
Maryland,2001,5318,385,43,7.2,0.8
Massachusetts,2001,6302,561,52,8.9,0.8
Michigan,2001,9880,927,70,9.4,0.7
Minnesota,2001,4910,361,39,7.4,0.8
Mississippi,2001,2794,539,45,19.3,1.4
Missouri,2001,5513,537,52,9.7,0.9
Montana,2001,891,119,12,13.3,1.3
Nebraska,2001,1680,158,17,9.4,1
Nevada,2001,2129,152,17,7.1,0.8
New Hampshire,2001,1254,81,9,6.5,0.7
New Jersey,2001,8456,683,57,8.1,0.7
New Mexico,2001,1795,323,30,18,1.5
New York,2001,18783,2664,119,14.2,0.6
North Carolina,2001,8084,1013,76,12.5,0.9
North Dakota,2001,620,86,7,13.8,1.1
Ohio,2001,11178,1174,82,10.5,0.7
Oklahoma,2001,3372,508,43,15.1,1.2
Oregon,2001,3446,408,38,11.8,1
Pennsylvania,2001,12087,1158,78,9.6,0.6
Rhode Island,2001,1043,100,9,9.6,0.8
South Carolina,2001,3995,603,50,15.1,1.2
South Dakota,2001,737,62,7,8.4,0.9
Tennessee,2001,5670,802,74,14.1,1.2
Texas,2001,21030,3129,157,14.9,0.7
Utah,2001,2257,238,24,10.5,1
Vermont,2001,605,59,6,9.7,0.9
Virginia,2001,7080,564,62,8,0.8
Washington,2001,5920,634,62,10.7,1
West Virginia,2001,1769,291,22,16.4,1.2
Wisconsin,2001,5323,423,43,7.9,0.8
Wyoming,2001,487,42,5,8.7,0.9
Alabama,2000,4376,583,53,13.3,1.1
Alaska,2000,620,47,5,7.6,0.8
Arizona,2000,5181,607,63,11.7,1.1
Arkansas,2000,2650,436,38,16.5,1.3
California,2000,33889,4294,191,12.7,0.5
Colorado,2000,4334,425,39,9.8,0.9
Connecticut,2000,3365,258,27,7.7,0.8
Delaware,2000,777,65,8,8.4,0.9
D.C.,2000,552,84,8,15.2,1.3
Florida,2000,15991,1754,103,11,0.6
Georgia,2000,8112,982,92,12.1,1.1
Hawaii,2000,1195,106,12,8.9,0.9
Idaho,2000,1289,162,16,12.5,1.2
Illinois,2000,12269,1307,87,10.7,0.7
Indiana,2000,6007,513,49,8.5,0.8
Iowa,2000,2858,237,25,8.3,0.8
Kansas,2000,2649,213,23,8,0.8
Kentucky,2000,3995,502,46,12.6,1.1
Louisiana,2000,4354,750,63,17.2,1.3
Maine,2000,1267,128,12,10.1,0.9
Maryland,2000,5241,386,43,7.4,0.8
Massachusetts,2000,6284,618,54,9.8,0.8
Michigan,2000,9813,967,71,9.9,0.7
Minnesota,2000,4890,276,34,5.7,0.7
Mississippi,2000,2794,418,39,14.9,1.3
Missouri,2000,5517,505,51,9.2,0.9
Montana,2000,888,126,12,14.1,1.3
Nebraska,2000,1679,145,16,8.6,0.9
Nevada,2000,2045,180,19,8.8,0.9
New Hampshire,2000,1231,56,8,4.5,0.6
New Jersey,2000,8384,612,54,7.3,0.6
New Mexico,2000,1790,312,29,17.5,1.5
New York,2000,18752,2604,118,13.9,0.6
North Carolina,2000,7983,1000,76,12.5,0.9
North Dakota,2000,622,65,6,10.4,1
Ohio,2000,11160,1117,80,10,0.7
Oklahoma,2000,3378,503,43,14.9,1.2
Oregon,2000,3415,371,36,10.9,1
Pennsylvania,2000,12044,1033,74,8.6,0.6
Rhode Island,2000,1035,106,9,10.2,0.9
South Carolina,2000,3964,441,43,11.1,1
South Dakota,2000,737,79,7,10.7,0.9
Tennessee,2000,5630,759,72,13.5,1.2
Texas,2000,20695,3204,158,15.5,0.7
Utah,2000,2239,170,20,7.6,0.9
Vermont,2000,599,60,6,10,0.9
Virginia,2000,6977,577,63,8.3,0.9
Washington,2000,5863,634,62,10.8,1
West Virginia,2000,1773,261,21,14.7,1.1
Wisconsin,2000,5308,493,46,9.3,0.8
Wyoming,2000,485,52,5,10.8,1
Alabama,1999,4388,668,84,15.2,1.8
Alaska,1999,630,48,9,7.6,1.3
Arizona,1999,5057,616,79,12.2,1.5
Arkansas,1999,2616,384,48,14.7,1.7
California,1999,33705,4733,250,14,0.7
Colorado,1999,4319,366,59,8.5,1.3
Connecticut,1999,3418,246,51,7.2,1.4
Delaware,1999,768,80,14,10.4,1.7
D.C.,1999,545,80,12,14.7,2
Florida,1999,15566,1937,139,12.4,0.8
Georgia,1999,7877,1011,121,12.8,1.4
Hawaii,1999,1225,133,22,10.8,1.7
Idaho,1999,1240,175,22,14.1,1.7
Illinois,1999,12248,1215,112,9.9,0.9
Indiana,1999,5914,396,75,6.7,1.2
Iowa,1999,2856,210,39,7.4,1.3
Kansas,1999,2605,320,46,12.3,1.7
Kentucky,1999,3859,467,67,12.1,1.6
Louisiana,1999,4289,823,90,19.2,1.9
Maine,1999,1260,134,23,10.6,1.7
Maryland,1999,5049,367,72,7.3,1.4
Massachusetts,1999,6262,738,79,11.8,1.2
Michigan,1999,10052,978,97,9.7,0.9
Minnesota,1999,4868,354,64,7.3,1.3
Mississippi,1999,2755,446,54,16.2,1.8
Missouri,1999,5511,647,96,11.7,1.6
Montana,1999,891,141,17,15.8,1.8
Nebraska,1999,1683,184,28,11,1.6
Nevada,1999,2033,229,32,11.3,1.5
New Hampshire,1999,1255,96,19,7.6,1.5
New Jersey,1999,8232,646,74,7.8,0.9
New Mexico,1999,1831,383,40,20.9,1.9
New York,1999,18855,2676,156,14.2,0.8
North Carolina,1999,7766,1069,102,13.8,1.2
North Dakota,1999,621,81,12,13.1,1.8
Ohio,1999,11223,1343,119,12,1
Oklahoma,1999,3300,424,57,12.8,1.6
Oregon,1999,3421,432,62,12.6,1.7
Pennsylvania,1999,11948,1117,105,9.3,0.8
Rhode Island,1999,1033,103,18,10,1.7
South Carolina,1999,3800,445,68,11.7,1.7
South Dakota,1999,709,55,10,7.7,1.3
Tennessee,1999,5583,662,96,11.9,1.6
Texas,1999,20173,3072,195,15.2,0.9
Utah,1999,2194,126,24,5.7,1.1
Vermont,1999,599,58,10,9.6,1.7
Virginia,1999,6831,537,91,7.9,1.3
Washington,1999,5698,545,91,9.6,1.5
West Virginia,1999,1734,272,33,15.7,1.8
Wisconsin,1999,5429,466,77,8.6,1.4
Wyoming,1999,484,56,8,11.6,1.6
Alabama,1998,4190,609,80,14.5,1.8
Alaska,1998,641,60,10,9.4,1.4
Arizona,1998,4887,812,90,16.6,1.7
Arkansas,1998,2559,377,48,14.7,1.7
California,1998,33292,5118,259,15.4,0.7
Colorado,1998,3966,363,59,9.2,1.4
Connecticut,1998,3275,310,57,9.5,1.7
Delaware,1998,781,80,14,10.3,1.6
D.C.,1998,510,114,14,22.3,2.4
Florida,1998,14629,1923,139,13.1,0.9
Georgia,1998,7634,1034,122,13.5,1.5
Hawaii,1998,1201,131,22,10.9,1.7
Idaho,1998,1273,165,22,13,1.6
Illinois,1998,12255,1234,113,10.1,0.9
Indiana,1998,5830,547,88,9.4,1.4
Iowa,1998,2834,257,44,9.1,1.5
Kansas,1998,2615,250,41,9.6,1.5
Kentucky,1998,3860,521,70,13.5,1.7
Louisiana,1998,4305,821,90,19.1,1.9
Maine,1998,1263,131,22,10.4,1.7
Maryland,1998,5014,359,72,7.2,1.4
Massachusetts,1998,6100,528,67,8.7,1
Michigan,1998,10012,1097,103,11,1
Minnesota,1998,4815,498,76,10.3,1.5
Mississippi,1998,2758,486,57,17.6,1.9
Missouri,1998,5399,531,87,9.8,1.5
Montana,1998,922,153,18,16.6,1.8
Nebraska,1998,1713,211,30,12.3,1.7
Nevada,1998,1845,195,30,10.6,1.5
New Hampshire,1998,1216,119,22,9.8,1.7
New Jersey,1998,8072,693,77,8.6,0.9
New Mexico,1998,1823,371,39,20.4,1.9
New York,1998,18370,3068,167,16.7,0.8
North Carolina,1998,7412,1039,101,14,1.3
North Dakota,1998,644,97,13,15.1,1.8
Ohio,1998,11201,1253,115,11.2,1
Oklahoma,1998,3251,458,59,14.1,1.7
Oregon,1998,3352,503,67,15,1.8
Pennsylvania,1998,11890,1338,115,11.3,0.9
Rhode Island,1998,965,112,19,11.6,1.8
South Carolina,1998,3851,527,74,13.7,1.8
South Dakota,1998,710,77,12,10.8,1.6
Tennessee,1998,5569,749,102,13.4,1.7
Texas,1998,19889,2994,193,15.1,0.9
Utah,1998,2106,190,29,9,1.3
Vermont,1998,592,58,10,9.9,1.7
Virginia,1998,6679,589,95,8.8,1.4
Washington,1998,5729,512,88,8.9,1.5
West Virginia,1998,1748,312,36,17.8,1.8
Wisconsin,1998,5127,449,76,8.8,1.4
Wyoming,1998,484,51,8,10.6,1.6
Alabama,1997,4243,665,83,15.7,1.8
Alaska,1997,640,56,9,8.8,1.4
Arizona,1997,4643,797,89,17.2,1.8
Arkansas,1997,2621,515,56,19.7,1.9
California,1997,32877,5459,268,16.6,0.8
Colorado,1997,3921,320,56,8.2,1.4
Connecticut,1997,3296,282,54,8.6,1.6
Delaware,1997,749,72,13,9.6,1.6
D.C.,1997,516,113,14,21.8,2.3
Florida,1997,14354,2056,143,14.3,0.9
Georgia,1997,7631,1109,127,14.5,1.5
Hawaii,1997,1182,164,24,13.9,1.9
Idaho,1997,1251,183,23,14.7,1.7
Illinois,1997,12065,1349,118,11.2,0.9
Indiana,1997,5849,515,86,8.8,1.4
Iowa,1997,2820,270,45,9.6,1.5
Kansas,1997,2583,250,41,9.7,1.5
Kentucky,1997,3913,623,77,15.9,1.8
Louisiana,1997,4241,691,82,16.3,1.8
Maine,1997,1222,124,22,10.1,1.7
Maryland,1997,5043,422,78,8.4,1.5
Massachusetts,1997,5991,732,78,12.2,1.2
Michigan,1997,9783,1006,98,10.3,1
Minnesota,1997,4748,457,73,9.6,1.5
Mississippi,1997,2731,455,55,16.7,1.8
Missouri,1997,5315,627,94,11.8,1.7
Montana,1997,892,139,17,15.6,1.8
Nebraska,1997,1658,163,27,9.8,1.5
Nevada,1997,1723,190,29,11,1.6
New Hampshire,1997,1197,109,21,9.1,1.7
New Jersey,1997,7967,737,79,9.3,1
New Mexico,1997,1823,387,40,21.2,2
New York,1997,18103,2979,165,16.5,0.8
North Carolina,1997,7345,839,90,11.4,1.2
North Dakota,1997,638,87,12,13.6,1.8
Ohio,1997,11212,1231,114,11,1
Oklahoma,1997,3321,456,59,13.7,1.6
Oregon,1997,3284,382,58,11.6,1.7
Pennsylvania,1997,11904,1337,115,11.2,0.9
Rhode Island,1997,943,120,19,12.7,1.9
South Carolina,1997,3813,500,72,13.1,1.8
South Dakota,1997,708,117,14,16.5,1.9
Tennessee,1997,5536,791,105,14.3,1.8
Texas,1997,19688,3297,202,16.7,0.9
Utah,1997,2085,185,29,8.9,1.3
Vermont,1997,580,54,10,9.3,1.7
Virginia,1997,6747,858,115,12.7,1.6
Washington,1997,5735,529,90,9.2,1.5
West Virginia,1997,1742,286,34,16.4,1.8
Wisconsin,1997,5120,422,73,8.2,1.4
Wyoming,1997,490,66,9,13.5,1.7
Alabama,1996,4258,595,79,14,1.7
Alaska,1996,657,54,9,8.2,1.3
Arizona,1996,4786,980,99,20.5,1.9
Arkansas,1996,2606,449,52,17.2,1.8
California,1996,32305,5472,268,16.9,0.8
Colorado,1996,3869,412,63,10.6,1.5
Connecticut,1996,3341,392,64,11.7,1.8
Delaware,1996,732,63,12,8.6,1.6
D.C.,1996,538,130,15,24.1,2.4
Florida,1996,14343,2037,143,14.2,0.9
Georgia,1996,7390,1097,126,14.8,1.6
Hawaii,1996,1172,142,23,12.1,1.8
Idaho,1996,1185,140,20,11.9,1.6
Illinois,1996,11810,1429,121,12.1,1
Indiana,1996,5681,428,78,7.5,1.3
Iowa,1996,2898,279,45,9.6,1.5
Kansas,1996,2569,287,44,11.2,1.6
Kentucky,1996,3877,658,79,17,1.9
Louisiana,1996,4263,873,93,20.5,1.9
Maine,1996,1203,135,23,11.2,1.8
Maryland,1996,5085,522,86,10.3,1.6
Massachusetts,1996,6150,622,72,10.1,1.1
Michigan,1996,9572,1068,101,11.2,1
Minnesota,1996,4690,458,73,9.8,1.5
Mississippi,1996,2797,575,62,20.6,2
Missouri,1996,5268,500,84,9.5,1.5
Montana,1996,908,155,18,17,1.8
Nebraska,1996,1666,169,27,10.2,1.6
Nevada,1996,1634,133,25,8.1,1.5
New Hampshire,1996,1142,73,17,6.4,1.4
New Jersey,1996,7858,726,78,9.2,1
New Mexico,1996,1847,472,44,25.5,2.1
New York,1996,18345,3058,167,16.7,0.8
North Carolina,1996,7254,885,93,12.2,1.2
North Dakota,1996,628,69,11,11,1.6
Ohio,1996,11254,1424,122,12.7,1
Oklahoma,1996,3344,556,65,16.6,1.8
Oregon,1996,3234,382,58,11.8,1.7
Pennsylvania,1996,11889,1374,117,11.6,0.9
Rhode Island,1996,940,104,18,11,1.8
South Carolina,1996,3698,482,71,13,1.8
South Dakota,1996,701,82,12,11.8,1.6
Tennessee,1996,5528,878,110,15.9,1.8
Texas,1996,19184,3180,199,16.6,1
Utah,1996,1998,153,26,7.7,1.3
Vermont,1996,586,74,12,12.6,1.9
Virginia,1996,6481,795,110,12.3,1.6
Washington,1996,5620,666,101,11.9,1.7
West Virginia,1996,1745,323,36,18.5,1.9
Wisconsin,1996,5205,460,77,8.8,1.4
Wyoming,1996,486,58,8,11.9,1.6
Alabama,1995,4396,882,86,20.1,2
Alaska,1995,630,45,8,7.1,1.3
Arizona,1995,4337,700,77,16.1,1.8
Arkansas,1995,2532,376,44,14.9,1.8
California,1995,32055,5342,244,16.7,0.8
Colorado,1995,3793,335,54,8.8,1.4
Connecticut,1995,3276,318,55,9.7,1.7
Delaware,1995,713,74,12,10.3,1.7
D.C.,1995,551,122,13,22.2,2.3
Florida,1995,14306,2321,140,16.2,1
Georgia,1995,7262,878,106,12.1,1.5
Hawaii,1995,1187,122,20,10.3,1.7
Idaho,1995,1154,167,20,14.5,1.7
Illinois,1995,11761,1459,115,12.4,1
Indiana,1995,5673,545,84,9.6,1.5
Iowa,1995,2894,352,48,12.2,1.7
Kansas,1995,2535,273,41,10.8,1.6
Kentucky,1995,3876,572,68,14.7,1.8
Louisiana,1995,4306,849,82,19.7,1.9
Maine,1995,1225,138,22,11.2,1.8
Maryland,1995,5133,520,82,10.1,1.6
Massachusetts,1995,6065,665,70,11,1.2
Michigan,1995,9637,1174,100,12.2,1
Minnesota,1995,4628,427,67,9.2,1.4
Mississippi,1995,2685,630,56,23.5,2.1
Missouri,1995,5140,484,79,9.4,1.5
Montana,1995,870,133,15,15.3,1.8
Nebraska,1995,1648,159,25,9.6,1.5
Nevada,1995,1558,173,26,11.1,1.7
New Hampshire,1995,1139,60,15,5.3,1.3
New Jersey,1995,7879,617,70,7.8,0.9
New Mexico,1995,1806,457,37,25.3,2.1
New York,1995,18258,3020,153,16.5,0.8
North Carolina,1995,6935,877,86,12.6,1.3
North Dakota,1995,635,76,11,12,1.7
Ohio,1995,11211,1285,110,11.5,1
Oklahoma,1995,3204,548,59,17.1,1.8
Oregon,1995,3208,360,53,11.2,1.7
Pennsylvania,1995,12031,1464,113,12.2,0.9
Rhode Island,1995,962,102,17,10.6,1.8
South Carolina,1995,3741,744,79,19.9,2.1
South Dakota,1995,713,103,13,14.5,1.8
Tennessee,1995,5462,846,100,15.5,1.8
Texas,1995,18761,3270,184,17.4,1
Utah,1995,1999,168,26,8.4,1.3
Vermont,1995,593,61,10,10.3,1.7
Virginia,1995,6371,648,95,10.2,1.5
Washington,1995,5424,677,95,12.5,1.8
West Virginia,1995,1793,300,32,16.7,1.8
Wisconsin,1995,5300,449,72,8.5,1.4
Wyoming,1995,482,59,8,12.2,1.7
Alabama,1994,4299,704,80,16.4,1.9
Alaska,1994,592,61,8,10.2,1.4
Arizona,1994,4223,673,74,15.9,1.8
Arkansas,1994,2414,369,44,15.3,1.8
California,1994,31669,5658,233,17.9,0.7
Colorado,1994,3736,335,55,9,1.5
Connecticut,1994,3192,344,59,10.8,1.9
Delaware,1994,681,57,11,8.3,1.6
D.C.,1994,607,129,15,21.2,2.5
Florida,1994,14258,2128,123,14.9,0.9
Georgia,1994,7220,1012,120,14,1.7
Hawaii,1994,1106,97,17,8.7,1.6
Idaho,1994,1138,137,17,12,1.5
Illinois,1994,11808,1464,106,12.4,0.9
Indiana,1994,5967,816,106,13.7,1.8
Iowa,1994,2815,302,44,10.7,1.6
Kansas,1994,2522,375,45,14.9,1.8
Kentucky,1994,3843,710,76,18.5,2
Louisiana,1994,4351,1117,101,25.7,2.3
Maine,1994,1201,113,19,9.4,1.6
Maryland,1994,5045,541,83,10.7,1.7
Massachusetts,1994,6005,585,50,9.7,0.8
Michigan,1994,9519,1347,89,14.1,0.9
Minnesota,1994,4486,523,76,11.7,1.7
Mississippi,1994,2587,515,51,19.9,2
Missouri,1994,5107,797,100,15.6,2
Montana,1994,844,97,13,11.5,1.6
Nebraska,1994,1648,146,23,8.8,1.4
Nevada,1994,1521,168,22,11.1,1.5
New Hampshire,1994,1131,87,18,7.7,1.6
New Jersey,1994,7920,730,62,9.2,0.8
New Mexico,1994,1685,356,33,21.1,2
New York,1994,18213,3097,140,17,0.8
North Carolina,1994,6895,980,62,14.2,0.9
North Dakota,1994,627,65,9,10.4,1.5
Ohio,1994,11139,1571,103,14.1,0.9
Oklahoma,1994,3232,540,61,16.7,1.9
Oregon,1994,3152,373,54,11.8,1.7
Pennsylvania,1994,11967,1496,106,12.5,0.9
Rhode Island,1994,968,99,17,10.3,1.8
South Carolina,1994,3633,501,57,13.8,1.6
South Dakota,1994,737,107,12,14.5,1.6
Tennessee,1994,5338,779,89,14.6,1.7
Texas,1994,18894,3603,184,19.1,1
Utah,1994,1926,154,25,8,1.3
Vermont,1994,589,45,9,7.6,1.5
Virginia,1994,6616,710,91,10.7,1.4
Washington,1994,5259,614,83,11.7,1.6
West Virginia,1994,1804,336,37,18.6,2
Wisconsin,1994,5003,453,69,9,1.4
Wyoming,1994,485,45,8,9.3,1.7
Alabama,1993,4168,725,81,17.4,1.9
Alaska,1993,570,52,8,9.1,1.3
Arizona,1993,4003,615,72,15.4,1.8
Arkansas,1993,2421,484,49,20,2
California,1993,31970,5803,235,18.2,0.7
Colorado,1993,3564,354,56,9.9,1.6
Connecticut,1993,3259,277,54,8.5,1.7
Delaware,1993,711,73,12,10.2,1.7
D.C.,1993,597,158,16,26.4,2.7
Florida,1993,14118,2507,131,17.8,0.9
Georgia,1993,6825,919,115,13.5,1.7
Hawaii,1993,1135,91,17,8,1.5
Idaho,1993,1145,150,18,13.1,1.6
Illinois,1993,11725,1600,110,13.6,0.9
Indiana,1993,5751,704,100,12.2,1.7
Iowa,1993,2809,290,43,10.3,1.5
Kansas,1993,2496,327,42,13.1,1.7
Kentucky,1993,3740,763,78,20.4,2.1
Louisiana,1993,4246,1119,101,26.4,2.4
Maine,1993,1276,196,24,15.4,1.9
Maryland,1993,4925,479,79,9.7,1.6
Massachusetts,1993,5991,641,52,10.7,0.9
Michigan,1993,9560,1475,93,15.4,1
Minnesota,1993,4354,506,75,11.6,1.7
Mississippi,1993,2584,639,55,24.7,2.1
Missouri,1993,5185,832,102,16.1,2
Montana,1993,850,127,15,14.9,1.8
Nebraska,1993,1641,169,24,10.3,1.5
Nevada,1993,1444,141,21,9.8,1.4
New Hampshire,1993,1131,112,20,9.9,1.8
New Jersey,1993,7968,866,67,10.9,0.8
New Mexico,1993,1623,282,30,17.4,1.9
New York,1993,18218,2981,137,16.4,0.8
North Carolina,1993,6732,966,62,14.4,0.9
North Dakota,1993,625,70,10,11.2,1.6
Ohio,1993,11264,1461,100,13,0.9
Oklahoma,1993,3326,662,66,19.9,2
Oregon,1993,3077,363,53,11.8,1.8
Pennsylvania,1993,12073,1598,109,13.2,0.9
Rhode Island,1993,969,108,18,11.2,1.8
South Carolina,1993,3630,678,65,18.7,1.8
South Dakota,1993,717,102,12,14.2,1.6
Tennessee,1993,5092,998,98,19.6,1.9
Texas,1993,18266,3177,176,17.4,1
Utah,1993,1906,203,28,10.7,1.5
Vermont,1993,588,59,10,10,1.7
Virginia,1993,6470,627,86,9.7,1.3
Washington,1993,5224,634,85,12.1,1.6
West Virginia,1993,1803,400,39,22.2,2.2
Wisconsin,1993,5033,636,80,12.6,1.6
Wyoming,1993,481,64,10,13.3,2
Alabama,1992,4226,729,81,17.3,1.9
Alaska,1992,572,58,8,10.2,1.4
Arizona,1992,3851,607,71,15.8,1.9
Arkansas,1992,2463,430,47,17.5,1.9
California,1992,31701,5197,225,16.4,0.7
Colorado,1992,3478,376,58,10.8,1.7
Connecticut,1992,3272,321,57,9.8,1.8
Delaware,1992,709,55,11,7.8,1.5
D.C.,1992,591,120,14,20.3,2.5
Florida,1992,13714,2139,123,15.6,0.9
Georgia,1992,6664,1177,128,17.7,1.9
Hawaii,1992,1187,133,20,11.2,1.7
Idaho,1992,1095,166,19,15.2,1.7
Illinois,1992,11892,1857,117,15.6,1
Indiana,1992,5622,661,97,11.8,1.7
Iowa,1992,2846,328,46,11.5,1.6
Kansas,1992,2510,279,39,11.1,1.6
Kentucky,1992,3720,731,77,19.7,2.1
Louisiana,1992,4256,1043,99,24.5,2.3
Maine,1992,1239,167,23,13.5,1.8
Maryland,1992,4946,583,86,11.8,1.7
Massachusetts,1992,5843,600,50,10.3,0.9
Michigan,1992,9322,1271,87,13.6,0.9
Minnesota,1992,4318,561,78,13,1.8
Mississippi,1992,2725,671,56,24.6,2.1
Missouri,1992,5062,795,100,15.7,2
Montana,1992,855,118,15,13.8,1.7
Nebraska,1992,1606,169,24,10.6,1.5
Nevada,1992,1353,199,24,14.7,1.8
New Hampshire,1992,1114,97,19,8.7,1.7
New Jersey,1992,7803,803,65,10.3,0.8
New Mexico,1992,1611,348,32,21.6,2
New York,1992,17975,2820,134,15.7,0.8
North Carolina,1992,6813,1080,65,15.8,1
North Dakota,1992,616,74,10,12.1,1.6
Ohio,1992,11175,1398,98,12.5,0.9
Oklahoma,1992,3269,607,64,18.6,2
Oregon,1992,3039,346,52,11.4,1.7
Pennsylvania,1992,12018,1425,104,11.9,0.9
Rhode Island,1992,960,119,19,12.4,1.9
South Carolina,1992,3675,697,66,19,1.8
South Dakota,1992,705,106,12,15.1,1.7
Tennessee,1992,5036,858,93,17,1.9
Texas,1992,17921,3282,178,18.3,1
Utah,1992,1830,172,26,9.4,1.4
Vermont,1992,582,61,10,10.5,1.8
Virginia,1992,6241,592,84,9.5,1.4
Washington,1992,5138,574,81,11.2,1.6
West Virginia,1992,1795,401,39,22.3,2.2
Wisconsin,1992,5118,560,76,10.9,1.5
Wyoming,1992,475,49,9,10.3,1.8
Alabama,1991,4178,786,83,18.8,2
Alaska,1991,525,62,8,11.8,1.6
Arizona,1991,3603,532,67,14.8,1.9
Arkansas,1991,2450,425,47,17.3,1.9
California,1991,30735,4825,219,15.7,0.7
Colorado,1991,3319,347,56,10.4,1.7
Connecticut,1991,3341,287,55,8.6,1.6
Delaware,1991,709,53,10,7.5,1.5
D.C.,1991,530,98,13,18.6,2.5
Florida,1991,13412,2069,122,15.4,0.9
Georgia,1991,6265,1077,123,17.2,2
Hawaii,1991,1164,90,17,7.7,1.4
Idaho,1991,1035,144,17,13.9,1.7
Illinois,1991,11800,1598,110,13.5,0.9
Indiana,1991,5533,866,109,15.7,2
Iowa,1991,2821,271,42,9.6,1.5
Kansas,1991,2580,317,42,12.3,1.6
Kentucky,1991,3640,683,75,18.8,2.1
Louisiana,1991,4185,795,89,19,2.1
Maine,1991,1213,171,23,14.1,1.9
Maryland,1991,4767,432,75,9.1,1.6
Massachusetts,1991,5803,637,51,11,0.9
Michigan,1991,9263,1308,88,14.1,1
Minnesota,1991,4384,564,78,12.9,1.8
Mississippi,1991,2681,635,55,23.7,2.1
Missouri,1991,4993,740,97,14.8,1.9
Montana,1991,822,127,15,15.4,1.8
Nebraska,1991,1661,157,23,9.5,1.4
Nevada,1991,1237,141,21,11.4,1.7
New Hampshire,1991,1107,81,17,7.3,1.5
New Jersey,1991,7736,754,63,9.7,0.8
New Mexico,1991,1554,349,32,22.4,2.1
New York,1991,17914,2736,133,15.3,0.7
North Carolina,1991,6641,964,62,14.5,0.9
North Dakota,1991,635,92,11,14.5,1.7
Ohio,1991,11061,1488,101,13.4,0.9
Oklahoma,1991,3173,541,61,17,1.9
Oregon,1991,2967,401,56,13.5,1.9
Pennsylvania,1991,12147,1340,101,11,0.8
Rhode Island,1991,949,99,17,10.4,1.8
South Carolina,1991,3538,582,61,16.4,1.7
South Dakota,1991,689,96,11,14,1.6
Tennessee,1991,4787,744,88,15.5,1.8
Texas,1991,16964,2965,171,17.5,1
Utah,1991,1717,222,29,12.9,1.7
Vermont,1991,579,73,11,12.6,1.9
Virginia,1991,6144,608,85,9.9,1.4
Washington,1991,4989,474,75,9.5,1.5
West Virginia,1991,1830,327,37,17.9,2
Wisconsin,1991,4952,492,72,9.9,1.5
Wyoming,1991,470,47,8,9.9,1.8
Alabama,1990,4063,779,83,19.2,2
Alaska,1990,499,57,8,11.4,1.6
Arizona,1990,3521,484,65,13.7,1.8
Arkansas,1990,2411,472,49,19.6,2
California,1990,29765,4128,205,13.9,0.7
Colorado,1990,3367,461,63,13.7,1.9
Connecticut,1990,3265,196,46,6,1.4
Delaware,1990,690,48,10,6.9,1.4
D.C.,1990,570,120,14,21.1,2.5
Florida,1990,13179,1896,117,14.4,0.9
Georgia,1990,6349,1001,120,15.8,1.9
Hawaii,1990,1100,121,19,11,1.7
Idaho,1990,1048,157,18,14.9,1.7
Illinois,1990,11696,1606,111,13.7,1
Indiana,1990,5480,714,100,13,1.8
Iowa,1990,2784,289,43,10.4,1.6
Kansas,1990,2510,259,38,10.3,1.5
Kentucky,1990,3620,628,73,17.3,2
Louisiana,1990,4034,952,96,23.6,2.3
Maine,1990,1231,162,22,13.1,1.8
Maryland,1990,4727,468,78,9.9,1.7
Massachusetts,1990,5832,626,51,10.7,0.9
Michigan,1990,9187,1315,88,14.3,1
Minnesota,1990,4366,524,76,12,1.7
Mississippi,1990,2663,684,56,25.7,2.1
Missouri,1990,5238,700,95,13.4,1.8
Montana,1990,820,134,15,16.3,1.9
Nebraska,1990,1617,167,24,10.3,1.5
Nevada,1990,1218,119,19,9.8,1.6
New Hampshire,1990,1085,68,16,6.3,1.5
New Jersey,1990,7741,711,61,9.2,0.8
New Mexico,1990,1524,319,31,20.9,2.1
New York,1990,18038,2571,129,14.3,0.7
North Carolina,1990,6377,829,58,13,0.9
North Dakota,1990,635,87,11,13.7,1.7
Ohio,1990,10890,1256,94,11.5,0.9
Oklahoma,1990,3091,481,58,15.6,1.9
Oregon,1990,2891,267,47,9.2,1.6
Pennsylvania,1990,12097,1328,100,11,0.8
Rhode Island,1990,946,71,15,7.5,1.6
South Carolina,1990,3391,548,60,16.2,1.8
South Dakota,1990,696,93,11,13.3,1.6
Tennessee,1990,4927,833,92,16.9,1.9
Texas,1990,16873,2684,164,15.9,1
Utah,1990,1739,143,24,8.2,1.4
Vermont,1990,564,61,10,10.9,1.8
Virginia,1990,6322,705,91,11.1,1.4
Washington,1990,4880,434,72,8.9,1.5
West Virginia,1990,1810,328,37,18.1,2
Wisconsin,1990,4815,448,69,9.3,1.4
Wyoming,1990,463,51,9,11,1.9
Alabama,1989,4074,770,83,18.9,2
Alaska,1989,488,51,8,10.5,1.5
Arizona,1989,3556,502,66,14.1,1.9
Arkansas,1989,2419,442,48,18.3,2
California,1989,29346,3772,197,12.9,0.7
Colorado,1989,3258,393,59,12.1,1.8
Connecticut,1989,3136,90,32,2.9,1
Delaware,1989,676,68,12,10,1.7
D.C.,1989,569,102,14,18,2.4
Florida,1989,12762,1590,109,12.5,0.9
Georgia,1989,6197,929,116,15,1.9
Hawaii,1989,1086,122,19,11.3,1.8
Idaho,1989,1014,126,17,12.4,1.6
Illinois,1989,11559,1470,107,12.7,0.9
Indiana,1989,5453,749,102,13.7,1.9
Iowa,1989,2835,291,43,10.3,1.5
Kansas,1989,2434,262,38,10.8,1.6
Kentucky,1989,3576,576,70,16.1,2
Louisiana,1989,4080,950,95,23.3,2.3
Maine,1989,1233,128,20,10.4,1.6
Maryland,1989,4567,411,74,9,1.6
Massachusetts,1989,5831,513,47,8.8,0.8
Michigan,1989,9297,1228,86,13.2,0.9
Minnesota,1989,4268,478,73,11.2,1.7
Mississippi,1989,2574,566,53,22,2
Missouri,1989,5193,654,92,12.6,1.8
Montana,1989,816,127,15,15.6,1.8
Nebraska,1989,1602,204,26,12.8,1.6
Nevada,1989,1127,121,19,10.8,1.7
New Hampshire,1989,1100,84,17,7.7,1.6
New Jersey,1989,7623,622,58,8.2,0.8
New Mexico,1989,1519,297,31,19.5,2
New York,1989,17938,2254,122,12.6,0.7
North Carolina,1989,6301,770,56,12.2,0.9
North Dakota,1989,642,79,10,12.2,1.6
Ohio,1989,10754,1143,90,10.6,0.8
Oklahoma,1989,3126,460,57,14.7,1.8
Oregon,1989,2915,327,51,11.2,1.8
Pennsylvania,1989,12141,1261,98,10.4,0.8
Rhode Island,1989,963,64,14,6.7,1.5
South Carolina,1989,3446,585,61,17,1.8
South Dakota,1989,696,92,11,13.2,1.6
Tennessee,1989,4833,891,94,18.4,1.9
Texas,1989,16886,2880,169,17.1,1
Utah,1989,1683,138,24,8.2,1.4
Vermont,1989,556,44,9,8,1.6
Virginia,1989,6159,671,89,10.9,1.4
Washington,1989,4729,455,73,9.6,1.6
West Virginia,1989,1799,283,34,15.7,1.9
Wisconsin,1989,4694,393,65,8.4,1.4
Wyoming,1989,462,50,9,10.9,1.9
Alabama,1988,4015,775,83,19.3,2.1
Alaska,1988,480,53,8,11,1.7
Arizona,1988,3491,491,65,14.1,1.9
Arkansas,1988,2446,527,51,21.6,2.1
California,1988,27855,3687,249,13.2,0.9
Colorado,1988,3237,405,60,12.5,1.9
Connecticut,1988,3199,128,37,4,1.2
Delaware,1988,659,57,10,8.6,1.6
D.C.,1988,579,88,12,15.2,2.1
Florida,1988,12497,1704,107,13.6,0.9
Georgia,1988,6230,875,108,14,1.7
Hawaii,1988,1051,117,18,11.1,1.7
Idaho,1988,991,124,17,12.5,1.7
Illinois,1988,11344,1436,106,12.7,0.9
Indiana,1988,5530,560,90,10.1,1.6
Iowa,1988,2814,263,41,9.4,1.5
Kansas,1988,2399,195,34,8.1,1.4
Kentucky,1988,3605,634,74,17.6,2
Louisiana,1988,4249,968,98,22.8,2.3
Maine,1988,1201,159,21,13.2,1.8
Maryland,1988,4650,457,77,9.8,1.7
Massachusetts,1988,5861,497,46,8.5,0.8
Michigan,1988,9223,1112,83,12.1,0.9
Minnesota,1988,4421,514,74,11.6,1.7
Mississippi,1988,2588,704,58,27.2,2.2
Missouri,1988,5201,662,93,12.7,1.8
Montana,1988,795,116,14,14.6,1.8
Nebraska,1988,1600,164,24,10.3,1.5
Nevada,1988,1084,93,17,8.6,1.6
New Hampshire,1988,1089,73,16,6.7,1.4
New Jersey,1988,7628,475,50,6.2,0.7
New Mexico,1988,1495,343,31,23,2.1
New York,1988,17635,2369,157,13.4,0.9
North Carolina,1988,6312,796,57,12.6,0.9
North Dakota,1988,654,76,10,11.6,1.6
Ohio,1988,10903,1356,96,12.4,0.9
Oklahoma,1988,3146,543,62,17.3,2
Oregon,1988,2727,285,48,10.4,1.8
Pennsylvania,1988,12120,1246,98,10.3,0.8
Rhode Island,1988,1008,99,17,9.8,1.7
South Carolina,1988,3405,528,58,15.5,1.7
South Dakota,1988,707,101,11,14.2,1.6
Tennessee,1988,4901,883,95,18,1.9
Texas,1988,16686,3006,172,18,1
Utah,1988,1662,162,25,9.8,1.5
Vermont,1988,532,43,8,8.1,1.6
Virginia,1988,5970,647,87,10.8,1.5
Washington,1988,4625,402,69,8.7,1.5
West Virginia,1988,1880,337,37,17.9,2
Wisconsin,1988,4696,364,63,7.8,1.3
Wyoming,1988,454,43,8,9.6,1.8
Alabama,1987,3989,851,86,21.3,2.2
Alaska,1987,499,60,8,12,1.7
Arizona,1987,3459,444,62,12.8,1.8
Arkansas,1987,2468,537,51,21.8,2.1
California,1987,27877,3443,188,12.3,0.7
Colorado,1987,3184,398,60,12.5,1.9
Connecticut,1987,3127,207,42,6.6,1.4
Delaware,1987,637,42,9,6.6,1.4
D.C.,1987,587,88,12,14.9,2.1
Florida,1987,12262,1523,102,12.4,0.8
Georgia,1987,6049,883,108,14.6,1.8
Hawaii,1987,1086,95,16,8.8,1.5
Idaho,1987,991,150,18,15.1,1.8
Illinois,1987,11503,1655,112,14.4,1
Indiana,1987,5398,597,78,11.1,1.4
Iowa,1987,2892,419,51,14.5,1.8
Kansas,1987,2435,225,36,9.2,1.5
Kentucky,1987,3666,634,74,17.3,2
Louisiana,1987,4268,1071,102,25.1,2.4
Maine,1987,1144,134,20,11.7,1.7
Maryland,1987,4558,420,62,9.2,1.4
Massachusetts,1987,5845,477,45,8.2,0.8
Michigan,1987,8973,1095,82,12.2,0.9
Minnesota,1987,4294,484,72,11.3,1.7
Mississippi,1987,2553,637,56,25,2.2
Missouri,1987,5100,716,85,14,1.7
Montana,1987,798,144,16,18,2
Nebraska,1987,1610,191,26,11.9,1.6
Nevada,1987,1026,107,18,10.4,1.8
New Hampshire,1987,1054,51,13,4.8,1.2
New Jersey,1987,7503,626,58,8.3,0.8
New Mexico,1987,1443,280,29,19.4,2
New York,1987,17470,2506,128,14.3,0.7
North Carolina,1987,6183,853,59,13.8,0.9
North Dakota,1987,655,75,10,11.4,1.6
Ohio,1987,10799,1375,97,12.7,0.9
Oklahoma,1987,3209,547,61,17,1.9
Oregon,1987,2709,384,55,14.2,2
Pennsylvania,1987,11770,1249,98,10.6,0.8
Rhode Island,1987,974,79,15,8.1,1.6
South Carolina,1987,3274,512,57,15.6,1.8
South Dakota,1987,714,109,12,15.2,1.7
Tennessee,1987,4679,792,91,16.9,1.9
Texas,1987,16607,2917,170,17.6,1
Utah,1987,1689,173,26,10.2,1.5
Vermont,1987,534,50,9,9.3,1.7
Virginia,1987,5871,583,83,9.9,1.4
Washington,1987,4489,450,73,10,1.6
West Virginia,1987,1889,408,40,21.6,2.1
Wisconsin,1987,4738,428,67,9,1.4
Wyoming,1987,451,49,9,10.8,1.9
Alabama,1986,4025,959,87,23.8,2.2
Alaska,1986,517,59,8,11.4,1.5
Arizona,1986,3386,484,63,14.3,1.9
Arkansas,1986,2342,499,48,21.3,2.1
California,1986,27082,3453,184,12.7,0.7
Colorado,1986,3157,426,59,13.5,1.9
Connecticut,1986,3125,186,43,6,1.4
Delaware,1986,639,79,12,12.4,1.9
D.C.,1986,602,77,12,12.8,2
Florida,1986,11779,1342,98,11.4,0.8
Georgia,1986,6023,879,110,14.6,1.8
Hawaii,1986,1024,109,18,10.7,1.7
Idaho,1986,973,180,19,18.5,1.9
Illinois,1986,11445,1517,105,13.3,0.9
Indiana,1986,5312,674,95,12.7,1.8
Iowa,1986,2907,376,47,12.9,1.6
Kansas,1986,2433,269,38,11.1,1.5
Kentucky,1986,3560,630,70,17.7,2
Louisiana,1986,4338,953,93,22,2.1
Maine,1986,1127,115,19,10.2,1.6
Maryland,1986,4504,414,72,9.2,1.6
Massachusetts,1986,5846,538,46,9.2,0.8
Michigan,1986,9112,1267,84,13.9,0.9
Minnesota,1986,4131,517,73,12.5,1.8
Mississippi,1986,2610,695,55,26.6,2.1
Missouri,1986,4998,722,93,14.4,1.9
Montana,1986,823,136,15,16.5,1.8
Nebraska,1986,1617,220,26,13.6,1.6
Nevada,1986,1010,82,16,8.1,1.5
New Hampshire,1986,1002,37,11,3.7,1.1
New Jersey,1986,7624,679,58,8.9,1.1
New Mexico,1986,1434,306,30,21.3,2.1
New York,1986,17585,2322,120,13.2,0.7
North Carolina,1986,6178,884,58,14.3,0.9
North Dakota,1986,651,88,10,13.5,1.6
Ohio,1986,10703,1372,94,12.8,0.9
Oklahoma,1986,3184,469,56,14.7,1.8
Oregon,1986,2702,332,50,12.3,1.8
Pennsylvania,1986,11782,1190,93,10.1,0.8
Rhode Island,1986,953,87,16,9.1,1.7
South Carolina,1986,3288,569,59,17.3,1.8
South Dakota,1986,697,118,12,17,1.7
Tennessee,1986,4650,853,90,18.3,1.9
Texas,1986,16371,2825,163,17.3,1
Utah,1986,1659,209,27,12.6,1.7
Vermont,1986,529,58,10,11,1.8
Virginia,1986,5624,547,79,9.7,1.4
Washington,1986,4369,563,78,12.9,1.8
West Virginia,1986,1927,432,39,22.4,2.1
Wisconsin,1986,4697,501,70,10.7,1.5
Wyoming,1986,496,73,10,14.6,2
Alabama,1985,3981,821,82,20.6,2.1
Alaska,1985,510,45,7,8.7,1.4
Arizona,1985,3227,345,54,10.7,1.7
Arkansas,1985,2364,541,50,22.9,2.1
California,1985,26456,3596,188,13.6,0.7
Colorado,1985,3176,324,53,10.2,1.7
Connecticut,1985,3111,237,49,7.6,1.6
Delaware,1985,624,71,11,11.4,1.8
D.C.,1985,603,123,14,20.4,2.4
Florida,1985,11537,1551,105,13.4,0.9
Georgia,1985,5867,1037,118,17.7,2
Hawaii,1985,1018,109,18,10.7,1.7
Idaho,1985,996,159,18,16,1.8
Illinois,1985,11743,1830,113,15.6,1
Indiana,1985,5302,639,93,12,1.7
Iowa,1985,2815,505,53,17.9,1.9
Kansas,1985,2395,331,41,13.8,1.7
Kentucky,1985,3650,708,74,19.4,2
Louisiana,1985,4322,781,86,18.1,2
Maine,1985,1129,134,20,11.9,1.8
Maryland,1985,4209,364,68,8.7,1.6
Massachusetts,1985,5899,544,47,9.2,0.8
Michigan,1985,9051,1308,86,14.5,0.9
Minnesota,1985,4146,523,73,12.6,1.8
Mississippi,1985,2564,644,53,25.1,2.1
Missouri,1985,5011,689,91,13.7,1.8
Montana,1985,835,134,15,16,1.7
Nebraska,1985,1589,235,27,14.8,1.7
Nevada,1985,968,139,20,14.4,2
New Hampshire,1985,988,59,14,6,1.5
New Jersey,1985,7608,631,56,8.3,0.7
New Mexico,1985,1447,267,28,18.5,2
New York,1985,17668,2796,130,15.8,0.7
North Carolina,1985,6073,863,57,14.2,0.9
North Dakota,1985,681,108,11,15.9,1.7
Ohio,1985,10629,1359,94,12.8,0.9
Oklahoma,1985,3280,526,59,16,1.8
Oregon,1985,2671,317,49,11.9,1.8
Pennsylvania,1985,11554,1217,94,10.5,0.8
Rhode Island,1985,933,84,15,9,1.7
South Carolina,1985,3219,489,55,15.2,1.7
South Dakota,1985,689,119,12,17.3,1.7
Tennessee,1985,4619,837,89,18.1,1.9
Texas,1985,16231,2582,157,15.9,1
Utah,1985,1652,180,26,10.9,1.6
Vermont,1985,524,48,9,9.2,1.7
Virginia,1985,5567,558,79,10,1.4
Washington,1985,4371,526,76,12,1.7
West Virginia,1985,1894,423,39,22.3,2.1
Wisconsin,1985,4693,544,73,11.6,1.6
Wyoming,1985,506,61,9,12,1.8
Alabama,1984,3875,738,76,19.1,1.8
Alaska,1984,507,49,20,9.6,3.7
Arizona,1984,3133,569,67,18.2,1.9
Arkansas,1984,2364,564,67,23.9,2.5
California,1984,25596,3375,163,13.2,0.6
Colorado,1984,3067,274,47,8.9,1.5
Connecticut,1984,3152,218,42,6.9,1.3
Delaware,1984,611,63,22,10.3,3.5
D.C.,1984,607,128,32,21.1,4.7
Florida,1984,11194,1693,116,15.1,1
Georgia,1984,5822,981,88,16.9,1.4
Hawaii,1984,997,92,27,9.3,2.6
Idaho,1984,992,171,37,17.3,3.4
Illinois,1984,11649,1753,118,15,0.9
Indiana,1984,5419,697,74,12.9,1.3
Iowa,1984,2876,419,58,14.6,1.9
Kansas,1984,2420,260,45,10.7,1.8
Kentucky,1984,3721,709,75,19.1,1.8
Louisiana,1984,4304,888,84,20.6,1.7
Maine,1984,1167,152,35,13,2.8
Maryland,1984,4106,358,53,8.7,1.2
Massachusetts,1984,5845,519,64,8.9,1
Michigan,1984,8962,1495,109,16.7,1.1
Minnesota,1984,4164,381,55,9.1,1.3
Mississippi,1984,2504,628,71,25.1,2.4
Missouri,1984,4958,720,76,14.5,1.4
Montana,1984,836,115,30,13.8,3.4
Nebraska,1984,1608,213,41,13.3,2.4
Nevada,1984,962,101,28,10.5,2.8
New Hampshire,1984,958,68,23,7.1,2.3
New Jersey,1984,7511,758,78,10.1,1
New Mexico,1984,1437,280,47,19.5,2.9
New York,1984,17560,2806,149,16,0.8
North Carolina,1984,5900,860,83,14.6,1.3
North Dakota,1984,683,106,29,15.4,3.9
Ohio,1984,10619,1429,106,13.5,0.9
Oklahoma,1984,3200,426,58,13.3,1.7
Oregon,1984,2593,331,51,12.8,1.8
Pennsylvania,1984,11722,1825,120,15.6,0.9
Rhode Island,1984,946,121,31,12.8,3.1
South Carolina,1984,3258,561,67,17.2,1.9
South Dakota,1984,691,100,28,14.5,3.8
Tennessee,1984,4603,800,80,17.4,1.6
Texas,1984,15639,2448,139,15.7,0.8
Utah,1984,1647,183,38,11.1,2.2
Vermont,1984,514,65,23,12.6,4.1
Virginia,1984,5563,554,66,10,1.1
Washington,1984,4242,479,62,11.3,1.4
West Virginia,1984,1922,392,56,20.4,2.6
Wisconsin,1984,4698,730,76,15.5,1.5
Wyoming,1984,488,53,21,10.9,4
Alabama,1983,3950,909,89,23,2
Alaska,1983,486,61,8,12.6,1.5
Arizona,1983,2875,469,61,16.3,2
Arkansas,1983,2283,492,56,21.5,2.2
California,1983,25169,3755,194,14.9,0.7
Colorado,1983,3083,390,55,12.6,1.7
Connecticut,1983,3149,276,50,8.8,1.5
Delaware,1983,602,52,10,8.6,1.6
D.C.,1983,604,130,17,21.5,2.5
Florida,1983,10850,1595,133,14.7,1.1
Georgia,1983,5581,1050,107,18.8,1.7
Hawaii,1983,998,129,19,12.9,1.8
Idaho,1983,980,174,22,17.7,2
Illinois,1983,11345,1617,132,14.3,1.1
Indiana,1983,5382,865,91,16.1,1.6
Iowa,1983,2828,473,61,16.7,2
Kansas,1983,2369,321,48,13.6,1.9
Kentucky,1983,3752,670,85,17.9,2.1
Louisiana,1983,4360,939,90,21.5,1.8
Maine,1983,1157,144,22,12.4,1.8
Maryland,1983,4112,358,58,8.7,1.4
Massachusetts,1983,5731,443,59,7.7,1
Michigan,1983,9056,1518,124,16.8,1.3
Minnesota,1983,4138,502,72,12.1,1.6
Mississippi,1983,2481,669,64,27,2.2
Missouri,1983,4837,807,90,16.7,1.7
Montana,1983,810,125,17,15.4,1.9
Nebraska,1983,1577,240,33,15.2,1.9
Nevada,1983,885,86,16,9.7,1.7
New Hampshire,1983,938,76,15,8.1,1.6
New Jersey,1983,7451,828,89,11.1,1.1
New Mexico,1983,1385,340,36,24.5,2.2
New York,1983,17576,2817,165,16,0.9
North Carolina,1983,5890,933,102,15.8,1.6
North Dakota,1983,685,103,14,15,1.9
Ohio,1983,10681,1434,121,13.4,1.1
Oklahoma,1983,3259,553,65,17,1.8
Oregon,1983,2597,419,58,16.1,2
Pennsylvania,1983,11640,1797,135,15.4,1.1
Rhode Island,1983,971,141,21,14.5,2
South Carolina,1983,3295,687,75,20.8,2
South Dakota,1983,689,127,15,18.4,2
Tennessee,1983,4663,933,101,20,1.9
Texas,1983,15587,2499,172,16,1
Utah,1983,1591,214,29,13.5,1.7
Vermont,1983,531,83,12,15.6,2.1
Virginia,1983,5448,618,94,11.3,1.6
Washington,1983,4274,460,73,10.8,1.6
West Virginia,1983,1898,419,45,22.1,2.1
Wisconsin,1983,4736,504,80,10.7,1.6
Wyoming,1983,486,61,10,12.6,1.9
Alabama,1982,3937,849,82,21.6,1.8
Alaska,1982,432,46,19,10.6,4.2
Arizona,1982,2765,408,57,14.8,1.9
Arkansas,1982,2219,527,65,23.8,2.5
California,1982,24613,3475,165,14.1,0.6
Colorado,1982,3064,387,55,12.6,1.7
Connecticut,1982,3126,254,45,8.1,1.4
Delaware,1982,611,70,24,11.5,3.6
D.C.,1982,609,117,31,19.3,4.5
Florida,1982,10514,1601,112,15.2,1
Georgia,1982,5472,1074,92,19.6,1.5
Hawaii,1982,997,132,32,13.2,3
Idaho,1982,967,151,35,15.6,3.3
Illinois,1982,11284,1512,109,13.4,0.9
Indiana,1982,5415,683,74,12.6,1.3
Iowa,1982,2770,371,54,13.4,1.8
Kansas,1982,2365,247,44,10.4,1.8
Kentucky,1982,3618,587,68,16.2,1.7
Louisiana,1982,4299,976,88,22.7,1.8
Maine,1982,1133,156,35,13.7,2.9
Maryland,1982,4190,516,64,12.3,1.4
Massachusetts,1982,5748,590,68,10.3,1.1
Michigan,1982,9117,1481,108,16.2,1.1
Minnesota,1982,4120,546,66,13.3,1.5
Mississippi,1982,2454,562,67,22.9,2.4
Missouri,1982,4798,699,74,14.6,1.4
Montana,1982,793,134,33,17,3.8
Nebraska,1982,1582,216,41,13.6,2.4
Nevada,1982,897,70,24,7.8,2.5
New Hampshire,1982,943,97,28,10.3,2.8
New Jersey,1982,7367,896,84,12.2,1.1
New Mexico,1982,1355,303,49,22.4,3.2
New York,1982,17656,2607,143,14.8,0.8
North Carolina,1982,5928,1201,97,20.3,1.5
North Dakota,1982,658,85,26,12.9,3.7
Ohio,1982,10711,1366,104,12.8,0.9
Oklahoma,1982,3111,478,62,15.4,1.8
Oregon,1982,2557,354,53,13.9,1.9
Pennsylvania,1982,11619,1572,111,13.5,0.9
Rhode Island,1982,942,125,32,13.3,3.1
South Carolina,1982,3301,701,75,21.2,2
South Dakota,1982,677,114,30,16.8,4
Tennessee,1982,4679,1106,94,23.6,1.8
Texas,1982,15153,2450,139,16.2,0.8
Utah,1982,1575,229,43,14.5,2.5
Vermont,1982,519,67,23,12.9,4.2
Virginia,1982,5329,668,73,12.5,1.3
Washington,1982,4259,549,66,12.9,1.4
West Virginia,1982,1951,484,62,24.8,2.8
Wisconsin,1982,4733,452,60,9.5,1.2
Wyoming,1982,481,58,21,12,4.2
Alabama,1981,3878,935,86,24.1,1.9
Alaska,1981,403,36,17,9,4
Arizona,1981,2751,323,51,11.7,1.7
Arkansas,1981,2247,541,65,24.1,2.5
California,1981,24112,3216,159,13.3,0.6
Colorado,1981,2958,285,48,9.6,1.5
Connecticut,1981,3084,254,45,8.2,1.4
Delaware,1981,587,72,24,12.3,3.8
D.C.,1981,612,111,30,18.1,4.4
Florida,1981,10277,1704,116,16.6,1
Georgia,1981,5415,881,84,16.3,1.4
Hawaii,1981,953,108,29,11.3,2.9
Idaho,1981,962,171,37,17.7,3.5
Illinois,1981,11338,1371,104,12.1,0.9
Indiana,1981,5431,685,74,12.6,1.3
Iowa,1981,2815,368,54,13.1,1.8
Kansas,1981,2282,267,46,11.7,1.9
Kentucky,1981,3668,708,75,19.3,1.8
Louisiana,1981,4262,938,86,22,1.8
Maine,1981,1116,179,38,16,3.1
Maryland,1981,4123,442,59,10.7,1.4
Massachusetts,1981,5804,518,64,8.9,1.1
Michigan,1981,9096,1184,97,13,1
Minnesota,1981,4034,438,59,10.9,1.4
Mississippi,1981,2408,618,70,25.7,2.5
Missouri,1981,4814,634,71,13.2,1.4
Montana,1981,813,107,29,13.1,3.3
Nebraska,1981,1579,221,42,14,2.5
Nevada,1981,884,93,27,10.5,2.9
New Hampshire,1981,929,70,24,7.6,2.4
New Jersey,1981,7331,736,76,10,1
New Mexico,1981,1303,243,44,18.6,3
New York,1981,17471,2516,141,14.4,0.7
North Carolina,1981,5820,1016,90,17.5,1.4
North Dakota,1981,626,89,27,14.2,3.9
Ohio,1981,10751,1369,104,12.7,0.9
Oklahoma,1981,2985,413,57,13.8,1.8
Oregon,1981,2693,331,51,12.3,1.8
Pennsylvania,1981,11738,1367,104,11.6,0.8
Rhode Island,1981,936,109,29,11.7,3
South Carolina,1981,3347,615,70,18.4,1.9
South Dakota,1981,675,132,32,19.5,4.3
Tennessee,1981,4502,943,86,20.9,1.7
Texas,1981,14641,2258,133,15.4,0.8
Utah,1981,1516,185,38,12.2,2.4
Vermont,1981,535,66,23,12.3,4
Virginia,1981,5257,662,72,12.6,1.3
Washington,1981,4168,471,61,11.3,1.4
West Virginia,1981,2003,398,56,19.9,2.5
Wisconsin,1981,4741,384,55,8.1,1.1
Wyoming,1981,482,43,18,8.9,3.7
Alabama,1980,3831,810,80,21.2,1.9
Alaska,1980,379,36,17,9.6,4.3
Arizona,1980,2774,354,53,12.8,1.8
Arkansas,1980,2249,484,62,21.5,2.4
California,1980,23748,2619,144,11,0.6
Colorado,1980,2869,247,44,8.6,1.5
Connecticut,1980,3090,255,45,8.3,1.4
Delaware,1980,578,68,23,11.8,3.8
D.C.,1980,626,131,32,20.9,4.6
Florida,1980,10100,1692,116,16.7,1
Georgia,1980,5243,727,76,13.9,1.3
Hawaii,1980,954,81,25,8.5,2.5
Idaho,1980,934,138,33,14.7,3.3
Illinois,1980,11259,1386,105,12.3,0.9
Indiana,1980,5490,645,72,11.8,1.2
Iowa,1980,2868,311,50,10.8,1.6
Kansas,1980,2286,215,41,9.4,1.7
Kentucky,1980,3641,701,75,19.3,1.8
Louisiana,1980,4273,868,83,20.3,1.7
Maine,1980,1077,158,35,14.6,3
Maryland,1980,4104,389,56,9.5,1.3
Massachusetts,1980,5725,542,66,9.5,1.1
Michigan,1980,9227,1194,97,12.9,1
Minnesota,1980,3920,342,52,8.7,1.3
Mississippi,1980,2429,591,68,24.3,2.5
Missouri,1980,4800,625,70,13,1.4
Montana,1980,774,102,29,13.2,3.4
Nebraska,1980,1532,199,40,13,2.4
Nevada,1980,840,70,24,8.3,2.7
New Hampshire,1980,907,63,22,7,2.4
New Jersey,1980,7316,659,72,9,0.9
New Mexico,1980,1304,268,46,20.6,3.2
New York,1980,17321,2391,137,13.8,0.7
North Carolina,1980,5836,877,83,15,1.3
North Dakota,1980,640,99,28,15.5,4
Ohio,1980,10630,1046,91,9.8,0.8
Oklahoma,1980,2916,406,57,13.9,1.8
Oregon,1980,2684,309,50,11.5,1.7
Pennsylvania,1980,11665,1142,95,9.8,0.8
Rhode Island,1980,911,97,28,10.7,2.9
South Carolina,1980,3174,534,65,16.8,1.9
South Dakota,1980,677,127,32,18.8,4.2
Tennessee,1980,4519,884,84,19.6,1.7
Texas,1980,14326,2247,133,15.7,0.9
Utah,1980,1488,148,34,10,2.2
Vermont,1980,520,62,22,12,4
Virginia,1980,5204,647,72,12.4,1.3
Washington,1980,4223,538,65,12.7,1.4
West Virginia,1980,1952,297,49,15.2,2.3
Wisconsin,1980,4724,403,57,8.5,1.1
Wyoming,1980,468,49,20,10.4,4
